issn,name,field,tier,listed_from,listed_to,country,publisher
,Geliotexnika xalqaro jurnali,Fizika-matematika; Texnika,D,2019-01-01,,Toshkent,Физика-техника институти
,Samarqand davlat universiteti ilmiy tadqiqotlar axborotnomasi,Fizika-matematika; Kimyo; Tarix; Falsafa; Filologiya; Geografiya; Pedagogika; Psixologiya; Sotsiologiya; Siyosiy; Islomshunoslik,D,2019-01-01,,Samarqand,Самарқанд давлат университети
,Buxoro davlat universiteti ilmiy axboroti,Fizika-matematika; Tarix; Filologiya; Siyosiy,D,2019-01-01,,Buxoro,Бухоро давлат университети
,Mexanika muammolari jurnali,Fizika-matematika; Texnika,D,2019-01-01,,Toshkent,Механика ва иншоотлар сейсмик мустаҳкамлиги институти
,O‘zbekiston fizika jurnali,Fizika-matematika,D,2019-01-01,,Toshkent,Ўзбекистон Республикаси Фанлар академияси
,Bulletin of the Novosibirsk Computing Center,Fizika-matematika,C,2019-01-01,,Российская Федерация,Сибирское отделение РАН
,Journal of Applied Mathematics and Mechanics,Fizika-matematika,C,2019-01-01,,Российская Федерация,РАН
,Lobachevskii Journal of Mathematics,Fizika-matematika,C,2019-01-01,,Российская Федерация,"РАН, Казанский государственный университет"
,Methods of Functional Analysis and Topology,Fizika-matematika,C,2019-01-01,,Украина,Институт математики НАН Украины
,"Nanosystems: Physics, Chemistry, Mathematics",Fizika-matematika,C,2019-01-01,,Российская Федерация,Национальный исследовательский университет ИТМО
,"Padic Numbers, Ultrametric Analysis and Applications",Fizika-matematika,C,2019-01-01,,Российская Федерация,"МАИК «Наука Интерпериодика», Springer"
,"Semiconductor Physics, Quantum Electronics & Optoelectronics",Fizika-matematika,C,2019-01-01,,Украина,Институт физики полупроводников НАН Украины
,Автометрия,Fizika-matematika,C,2019-01-01,,Российская Федерация,Институт автоматики и электрометрии СО РАН
,Альтернативная энергетика и экология,Fizika-matematika; Texnika,C,2019-01-01,,Российская Федерация,НТЦ «ТАТА»
,Вакуумная техника и технология,Fizika-matematika,C,2019-01-01,,Российская Федерация,Российское научно-техническое вакуумное общество
,Вестник Московского авиационного института,Fizika-matematika,C,2019-01-01,,Российская Федерация,Московский авиационный институт
,"Вестник МГТУ им. Н.Э.Баумана, Серия «Естественные науки»",Fizika-matematika; Texnika,C,2019-01-01,,Российская Федерация,МГТУ им. Баумана
,"Вестник Московского университета, Серия «Математика. Механика»",Fizika-matematika,C,2019-01-01,,Российская Федерация,МГУ
,"Вестник Новосибирского государственного университета, Серия «Физика»",Fizika-matematika,C,2019-01-01,,Российская Федерация,НГУ
,"Вестник НГУ, Серия «Математика. Механика. Информатика»",Fizika-matematika,C,2019-01-01,,Российская Федерация,НГУ
,Вестник Санкт-Петербургского университета,Fizika-matematika,C,2019-01-01,,Российская Федерация,СПбГУ
,Вопросы атомной науки и техники,Fizika-matematika,C,2019-01-01,,Российская Федерация,НИИ приборов
,Вычислительные технологии,Fizika-matematika; Texnika,C,2019-01-01,,Российская Федерация,Институт вычислительных технологий СО РАН
,Журнал нано и электронной физики,Fizika-matematika,C,2019-01-01,,Российская Федерация,РАН
,Журнал технической физики,Fizika-matematika,C,2019-01-01,,Российская Федерация,"РАН, Физико-технический институт"
,Известия вузов. Ядерная энергетика,Fizika-matematika,C,2019-01-01,,Российская Федерация,НИЯУ МИФИ
,Известия вузов. Математика,Fizika-matematika,C,2019-01-01,,Российская Федерация,Казанский федеральный университет
,Известия вузов. Радиоэлектроника,Fizika-matematika,C,2019-01-01,,Украина,НТУУ «КПИ»
,"Известия НАН Беларуси, Серия «Физико-технические науки»",Fizika-matematika,C,2019-01-01,,Республика Беларусь,НАН Беларуси
,"Известия РАН, Серия «Математика»",Fizika-matematika,C,2019-01-01,,Российская Федерация,РАН
,"Известия РАН, Серия «Физика»",Fizika-matematika,C,2019-01-01,,Российская Федерация,"Академиздатцентр «Наука» РАН, Pleiades Publishing"
,Инженерно-строительный журнал,Fizika-matematika,C,2019-01-01,,Российская Федерация,СПбГПУ
,Инженерно-физический журнал,Fizika-matematika; Texnika,C,2019-01-01,,Республика Беларусь,НАН Беларуси
,Масс-спектрометрия,Fizika-matematika,C,2019-01-01,,Российская Федерация,Всероссийское масс-спектрометрическое общество
,Математическое моделирование и численные методы,Fizika-matematika; Texnika,C,2019-01-01,,Российская Федерация,МГТУ
,Медицинская физика,Fizika-matematika,C,2019-01-01,,Российская Федерация,Ассоциация медицинских физиков России
,Металлофизика и новейшие технологии,Fizika-matematika,C,2019-01-01,,Украина,Институт металлофизики НАН Украины
,"Механика грунтов, основания и фундаменты",Fizika-matematika,C,2019-01-01,,Российская Федерация,НИИ оснований и подземных сооружений
,Механика композиционных материалов и конструкций,Fizika-matematika; Texnika,C,2019-01-01,,Российская Федерация,Институт прикладной механики РАН
,Научное приборостроение,Fizika-matematika,C,2019-01-01,,Российская Федерация,РАН
,Нелинейная динамика,Fizika-matematika,C,2019-01-01,,Российская Федерация,Математический институт РАН
,Петербургский журнал электроники,Fizika-matematika,C,2019-01-01,,Российская Федерация,«Электронстандарт»
,Письма в журнал «Физика элементарных частиц и атомного ядра»,Fizika-matematika,C,2019-01-01,,Российская Федерация,Объединенный институт ядерных исследований
,Поверхность,Fizika-matematika,C,2019-01-01,,Российская Федерация,РАН
,Прикладная механика,Fizika-matematika; Texnika,C,2019-01-01,,Украина,Институт механики НАН Украины
,Прикладная физика,Fizika-matematika,C,2019-01-01,,Российская Федерация,ФГУП ФИАЦ ОП
,Программные продукты и системы,Fizika-matematika,C,2019-01-01,,Российская Федерация,РАН
,"Сверхпроводимость: физика, химия, техника",Fizika-matematika,C,2019-01-01,,Российская Федерация,РАН
,Сибирский журнал чистой и прикладной математики,Fizika-matematika,C,2019-01-01,,Российская Федерация,Институт математики СО РАН
,Современные проблемы математики,Fizika-matematika,C,2019-01-01,,Российская Федерация,МИАН им. Стеклова
,Технология и конструирование в электронной аппаратуре,Fizika-matematika,C,2019-01-01,,Украина,«Политехпериодика»
,Труды Московского математического общества,Fizika-matematika,C,2019-01-01,,Российская Федерация,Московское математическое общество
,Труды Московского физико-технического института,Fizika-matematika,C,2019-01-01,,Российская Федерация,МФТИ
,Труды по дискретной математике,Fizika-matematika,C,2019-01-01,,Российская Федерация,РАН
,Украинский математический журнал,Fizika-matematika,C,2019-01-01,,Украина,"Институт математики НАН Украины, Springer"
,Украинский физический журнал,Fizika-matematika,C,2019-01-01,,Украина,Институт теоретической физики
,Учёные записки Московского государственного университета,Fizika-matematika,C,2019-01-01,,Российская Федерация,МГУ
,Физика плазмы,Fizika-matematika,C,2019-01-01,,Российская Федерация,"Академиздатцентр «Наука» РАН, Pleiades Publishing"
,Физика элементарных частиц и атомного ядра,Fizika-matematika,C,2019-01-01,,Российская Федерация,Объединенный институт ядерных исследований
,Фундаментальная и прикладная математика,Fizika-matematika,C,2019-01-01,,Российская Федерация,ЦНИТ МГУ
,Ядерная и радиационная безопасность,Fizika-matematika,C,2019-01-01,,Российская Федерация,НТЦ ЯРБ
,Ядерная физика и инжиниринг,Fizika-matematika,C,2019-01-01,,Российская Федерация,"МАИК «Наука/Интерпериодика», Pleiades Publishing"
,Ядерные измерительно-информационные технологии,Fizika-matematika,C,2019-01-01,,Российская Федерация,ИД «Технологии»
,Journal of Siberian Federal University. Mathematics & Physics,Fizika-matematika,C,2019-01-01,,Российская Федерация,Сибирский федеральный университет
,Computational nanotechnology,Fizika-matematika,C,2019-01-01,,Российская Федерация,ИД «Юр-ВАК»
,Markov Processes and Related Fields,Fizika-matematika,C,2019-01-01,,Российская Федерация,МГУ
,Nonlinear Dynamics and Systems Theory,Fizika-matematika,C,2019-01-01,,Украина,НАН Украины
,TWMS Journal of Pure and Applied Mathematics,Fizika-matematika,C,2019-01-01,,Республика Азербайджан,Бакинский государственный университет
,Odessa astronomical publications,Fizika-matematika,C,2019-01-01,,Украина,Одесский национальный университет им. Мечникова
,Труды института прикладной астрономии РАН,Fizika-matematika,C,2019-01-01,,Российская Федерация,Институт прикладной астрономии РАН
,Труды ГАИШ им. П.К.Штернберга,Fizika-matematika,C,2019-01-01,,Российская Федерация,МГУ
,Advanced Computational Techniques in Electromagnetics,Fizika-matematika,C,2019-01-01,,Germany,International Scientific Publications and Consulting Services
,Astronomical and Astrophysical Transactions,Fizika-matematika,C,2019-01-01,,Great Britain,Cambridge Scientific Publishers
,Astronomische Gesellschaft,Fizika-matematika,C,2019-01-01,,Germany,German Astronomical Society
,Astronomy and Astrophysics,Fizika-matematika,C,2019-01-01,,France,EDP Sciences
,Bulletin Information of the Centre Data in Strasbourg,Fizika-matematika,C,2019-01-01,,France,Strasbourg astronomical Data Center
,Central European Journal of Engineering,Fizika-matematika,C,2019-01-01,,Austria,Springer Science+Business Media
,Computing and Visualization in Science,Fizika-matematika,C,2019-01-01,,Germany,Springer International Publishing AG
,Extracta Mathematicae,Fizika-matematika,C,2019-01-01,,Spain,Universidad de Extremadura
,International Journal for Computational Methods in Engineering Science and Mechanics,Fizika-matematika,C,2019-01-01,,European Union,Taylor & Francis Group
,International Journal of Nanoparticles,Fizika-matematika,C,2019-01-01,,European Union,Interscience Publishers
,International Journal of Dynamical Systems and Differential Equations,Fizika-matematika,C,2019-01-01,,Switzerland,Institute for Computational and Applied Mathematics
,Journal of Neutron Research,Fizika-matematika,C,2019-01-01,,Netherlands,IOS Press
,Journal of Water Supply,Fizika-matematika,C,2019-01-01,,Great Britain,International Water Association
,Surface Engineering and Applied Electrochemistry,Fizika-matematika,C,2019-01-01,,Germany,Springer-Verlag GmbH
,Sustainable Energy Technologies and Assessments,Fizika-matematika,C,2019-01-01,,Netherlands,Elsevier
,Journal of Physics: Conference Series,Fizika-matematika,C,2019-01-01,,United Kingdom,IOP Publishing
,Advanced Performance Materials,Fizika-matematika,C,2019-01-01,,The USA,Springer International Publishing AG
,Applied Solar Energy (English translation of Geliotekhnika),Fizika-matematika; Kimyo; Texnika,C,2019-01-01,,The USA,Allerton Press Inc
,International Journal of Advances in Engineering Sciences and Applied Mathematics,Fizika-matematika,C,2019-01-01,,The USA,Springer
,International Journal of Nuclear Energy Science and Engineering,Fizika-matematika,C,2019-01-01,,The USA,Science and Engineering Publishing Company
,Journal of Engineering Physics and Thermophysics,Fizika-matematika,C,2019-01-01,,The USA,Springer
,Journal of Generalized Lie Theory and Applications,Fizika-matematika,C,2019-01-01,,The USA,OMICS Publishing Group
,Journal of Materials Science Research,Fizika-matematika; Texnika,C,2019-01-01,,Canada,Canadian Center of Science and Education
,Journal of Mathematical Sciences,Fizika-matematika,C,2019-01-01,,The USA,Springer
,Journal of Nuclear Energy Science & Power Generation Technology,Fizika-matematika,C,2019-01-01,,The USA,SciTechnology
,Journal of Nuclear Medicine Technology,Fizika-matematika,C,2019-01-01,,The USA,Molecular Imaging
,Mathematical Models and Computer Simulations,Fizika-matematika,C,2019-01-01,,The USA,"Springer, Pleiades Publishing"
,Minor Planet Bulletin,Fizika-matematika,C,2019-01-01,,The USA,American Physical Society
,Proceedings of SPIE,Fizika-matematika,C,2019-01-01,,The USA,The International Society for Optical and Photonics
,Siberian Advances in Mathematics,Fizika-matematika,C,2019-01-01,,The USA,"Springer, Allerton Press"
,Universal Journal of Computational Mathematics,Fizika-matematika,C,2019-01-01,,The USA,Horizon Research Publishing Corporation
,Communications on Stochastic Analysis,Fizika-matematika,C,2019-01-01,,The USA,Louisiana State University
,"Discontinuity, Nonlinearity, and Complexity",Fizika-matematika,C,2019-01-01,,The USA,L & H Scientific Publishing
,Journal of Applied Nonlinear Dynamics,Fizika-matematika,C,2019-01-01,,The USA,L & H Scientific Publishing
,Advances in Physical Chemistry,Fizika-matematika,C,2019-01-01,,Egypt,Hindawi Publishing Corporation
,Coupled Systems Mechanics,Fizika-matematika,C,2019-01-01,,South Korea,Techno-Press
,IIUM Engineering Journal,Fizika-matematika; Texnika,C,2019-01-01,,Malaysia,International Islamic University Malaysia
,International Journal of Nanoscience,Fizika-matematika,C,2019-01-01,,Singapore,World Scientific Publishing Company
,International Journal of Partial Differential Equations,Fizika-matematika,C,2019-01-01,,Egypt,Hindawi Publishing Corporation
,Journal of Fluids,Fizika-matematika,C,2019-01-01,,Egypt,Hindawi Publishing Corporation
,Journal of Nanoparticles,Fizika-matematika,C,2019-01-01,,Egypt,Hindawi Publishing Corporation
,Journal of Thermodynamics,Fizika-matematika,C,2019-01-01,,Egypt,Hindawi Publishing Corporation
,Turkish Journal of Physics,Fizika-matematika,C,2019-01-01,,Turkey,TUBITAK
,Geodesy and Geodynamics,Fizika-matematika; Geologiya,C,2019-01-01,,China,"Institute of Seismology, China Earthquake Administration"
,International Journal of Geoinformatics,Fizika-matematika,C,2019-01-01,,Thailand,Asian Institute of Technology
,O‘zbekiston Respublikasi Fanlar akademiyasining ma’ruzalari,Fizika-matematika; Kimyo; Biologiya; Geologiya; Texnika; Qishloq xo‘jaligi; Geografiya; Pedagogika; Farmatsevtika; Siyosiy,D,2019-01-01,,Toshkent,Ўзбекистон Республикаси ФА
,Ўзбекистон Миллий университети хабарлари,Fizika-matematika; Kimyo; Biologiya; Geologiya; Qishloq xo‘jaligi; Tarix; Falsafa; Filologiya; Geografiya; Pedagogika; Psixologiya; Sotsiologiya; Siyosiy; Islomshunoslik,D,2019-01-01,,Toshkent,Ўзбекистон Миллий университети
,Илмий хабарнома – Научный вестник,Kimyo; Biologiya; Tarix; Falsafa; Filologiya; Pedagogika; Siyosiy; Islomshunoslik,D,2018-01-01,,Andijon,Андижон давлат университети
,"Zamonaviy fan, ta’lim va tarbiyaning dolzarb muammolari",Fizika-matematika; Kimyo; Biologiya; Geologiya; Texnika; Qishloq xo‘jaligi; Tarix; Iqtisodiyot; Falsafa; Filologiya; Geografiya; Pedagogika; Veterinariya; San’atshunoslik; Arxitektura; Psixologiya; Sotsiologiya,D,2017-01-01,,Urganch,Урганч давлат университети
,Қорақалпоғистон Республикаси OTM olimlarining ilmiy to‘plami,Ko‘p tarmoqli,D,2017-01-01,,Nukus,Қорақалпоқ давлат университети
,Наманган давлат университети илмий ахборотномаси,Fizika-matematika; Kimyo; Biologiya; Falsafa; Filologiya; Pedagogika,D,2019-01-01,,Namangan,Наманган давлат университети
,Гулистон давлат университети ахборотномаси,Fizika-matematika; Kimyo; Biologiya; Texnika; Qishloq xo‘jaligi; Filologiya; Psixologiya,D,2019-01-01,,Toshkent · Guliston,Гулистон ДУ · Тошкент давлат транспорт университети
,ҚарДУ хабарлари,Fizika-matematika; Kimyo; Biologiya; Tarix; Falsafa; Filologiya; Pedagogika; Siyosiy,D,2019-01-01,,Qarshi,Қарши давлат университети
,Ilim ha’m ja’miyet,Fizika-matematika; Biologiya; Texnika; Tarix; Filologiya; Geografiya; Pedagogika; Psixologiya,D,2019-01-01,,Nukus,Нукус давлат педагогика институти
,Ҳисоблаш ва амалий математика муаммолари,Fizika-matematika; Texnika,D,2017-01-01,,Toshkent,ТАТУ АКТ ИИМ
,Ilm sarchashmalari,Fizika-matematika; Falsafa; Filologiya; Pedagogika,D,2018-01-01,,Urganch,Урганч давлат университети
,Matematika Instituti Byulleteni,Fizika-matematika,D,2019-01-01,,Toshkent,Ўзбекистон ФА Математика институти
,Гидрометеорология ва атроф-муҳит мониторинги,Fizika-matematika; Texnika; Qishloq xo‘jaligi; Geografiya,D,2021-01-01,,Toshkent,Гидрометеорология ИТИ
,Ёш олимлар ахборотномаси,Fizika-matematika; Kimyo; Texnika; Tarix; Falsafa; Filologiya; Yuridik; San’atshunoslik; Arxitektura; Psixologiya,D,2023-01-01,,Toshkent,Ўзбекистон ФА
,Ахборот хавфсизлиги ахборотномаси,Fizika-matematika; Texnika; Iqtisodiyot; Yuridik; Psixologiya; Sotsiologiya; Siyosiy,D,2023-01-01,,Toshkent,Давлат хавфсизлик хизмати
,Uzbekistan Journal of Polymers,Fizika-matematika,D,2024-01-01,,Toshkent,Полимерлар кимёси ва физикаси институти
,Тошкент шаҳридаги ММФИ МТЯУ филиали ахборотномаси,Fizika-matematika; Texnika,D,2024-01-01,,Toshkent,Тошкент ядро университети филиали
,Journal of Fundamental and Applied Research,Fizika-matematika; Texnika,D,2024-01-01,,Toshkent,ТИҚХММИ
,Қорақалпоқ давлат университети ахборотномаси,Fizika-matematika,D,2024-01-01,,Toshkent,Бердақ номидаги ҚДУ
,Ўзбекистон математика ва информатика журнали,Fizika-matematika,D,2025-01-01,,Toshkent,Тошкент давлат транспорт университети
,Turanian Journal,Fizika-matematika,D,2026-01-01,,Toshkent,«Янги Ўзбекистон» университети
,Тараққиёт,Ko‘p tarmoqli,D,2024-01-01,,Toshkent,Улуғбек жамғармаси
,O‘zbekiston matematika jurnali,Fizika-matematika,D,2019-01-01,,Toshkent,Ўзбекистон ФА Математика институти
,Яримўтказгичлар физикаси ва микроэлектроника журнали,Fizika-matematika,D,2019-01-01,,Toshkent,Яримўтказгичлар физикаси ва микроэлектроника ИТИ
,Химия природных соединений,Kimyo; Biologiya; Farmatsevtika,D,2019-01-01,,Toshkent,Ўзбекистон ФА
,Farmatsevtika jurnali,Kimyo; Biologiya; Farmatsevtika,D,2019-01-01,,Toshkent,Тошкент фармацевтика институти
,Kimyo va kimyo texnologiyasi,Kimyo; Farmatsevtika,D,2019-01-01,,Toshkent,Тошкент кимё-технология институти
,Композицион материаллар,Kimyo; Texnika,D,2019-01-01,,Toshkent,"ТДТУ, «Композит» ИТМ"
,O‘zbekiston farmatsevtik xabarnomasi,Kimyo; Tibbiyot; Farmatsevtika,D,2019-01-01,,Toshkent,Соғлиқни сақлаш вазирлиги
,O‘zbekiston kimyo jurnali,Kimyo,D,2019-01-01,,Toshkent,Ўзбекистон ФА
,O‘zbekiston neft va gaz jurnali,Kimyo; Geologiya,D,2019-01-01,,Toshkent,«Ўзбекнефтегаз» МХК
,Кимёвий технология. Назорат ва бошқарув,Kimyo; Texnika,D,2019-01-01,,Toshkent,"ТДТУ, «Ўзкимёсаноат»"
,Тошкент давлат техника университети хабарлари,Kimyo; Geologiya; Texnika; Geografiya,D,2019-01-01,,Toshkent,ТДТУ
,Фан ва технологиялар тараққиёти,Kimyo; Texnika,D,2019-01-01,,Buxoro,Бухоро муҳандислик-технология институти
,FarDU ilmiy xabarlari,Kimyo; Biologiya; Qishloq xo‘jaligi; Tarix; Falsafa; Filologiya; Geografiya; Pedagogika; Siyosiy,D,2019-01-01,,Farg‘ona · Toshkent,Фарғона давлат университети
,Universum: технические науки (elektron jurnal),Kimyo,C,2019-01-01,,Российская Федерация,ООО «МЦНО»
,Universum: химия и биология (elektron jurnal),Kimyo,C,2019-01-01,,Российская Федерация,ООО «МЦНО»
,Вестник Московского университета,Kimyo,C,2019-01-01,,Российская Федерация,МГУ
,Газовая промышленность,Kimyo; Texnika,C,2019-01-01,,Российская Федерация,"Газпром, «Газойл-пресс»"
,Журнал «Пластические массы»,Kimyo,C,2019-01-01,,Российская Федерация,Группа ПОЛИПЛАСТИК
,Журнал физической химии,Kimyo,C,2019-01-01,,Российская Федерация,MAIK Nauka/Interperiodica
,Известия МГТУ «МАМИ»,Kimyo,C,2019-01-01,,Российская Федерация,МГТУ «МАМИ»
,Каучук и резина,Kimyo,C,2019-01-01,,Российская Федерация,Изд-во «Каучук и резина»
,Лакокрасочные материалы и их применение,Kimyo,C,2019-01-01,,Российская Федерация,«Пейнт-Медиа»
,Масложировая промышленность,Kimyo,C,2019-01-01,,Российская Федерация,«Пищепромиздат»
,Материаловедение и технологии материалов,Kimyo,C,2019-01-01,,Российская Федерация,«Наука и технологии»
,"Материалы, технологии, инструменты",Kimyo,C,2019-01-01,,Республика Беларусь,ИММС НАН Беларуси
,Мир нефтепродуктов,Kimyo,C,2019-01-01,,Российская Федерация,«ТЕХИНФОРМ»
,"Мир серы, N, P и К",Kimyo,C,2019-01-01,,Российская Федерация,НИИ по удобрениям
,Нефтегазовые технологии,Kimyo,C,2019-01-01,,Российская Федерация,Урал-пресс
,Нефтепереработка и нефтехимия,Kimyo,C,2019-01-01,,Российская Федерация,ОАО «ЦНИИТЭнефтехим»
,Оборудование и технологии для нефтегазового комплекса,Kimyo,C,2019-01-01,,Российская Федерация,ВНИИОЭНГ
,Пищевая промышленность,Kimyo,C,2019-01-01,,Российская Федерация,«Пищепромиздат»
,Текстильная промышленность,Kimyo; Texnika,C,2019-01-01,,Российская Федерация,«Текстильная промышленность»
,Технологии нефти и газа,Kimyo; Texnika,C,2019-01-01,,Российская Федерация,РГУ нефти и газа
,Химическая промышленность,Kimyo; Texnika,C,2019-01-01,,Российская Федерация,ООО «ТЕЗА»
,Химическая промышленность сегодня,Kimyo,C,2019-01-01,,Российская Федерация,"РХТУ, Институт катализа СО РАН"
,Химия в интересах устойчивого развития,Kimyo,C,2019-01-01,,Российская Федерация,СО РАН
,Химия и химическая технология,Kimyo,C,2019-01-01,,Российская Федерация,«РОСПЕЧАТЬ»
,Хранение и переработка сельхозсырья,Kimyo,C,2019-01-01,,Российская Федерация,«Пищепромиздат»
,Цветные металлы,Kimyo; Geologiya; Texnika,C,2019-01-01,,Российская Федерация,"НИТУ «МИСиС», «Норильский никель» va boshqalar"
,Целлюлоза. Бумага. Картон,Kimyo; Texnika,C,2019-01-01,,Российская Федерация,Редакция журнала
,Экспериментальная и клиническая фармакология,Kimyo; Farmatsevtika,C,2019-01-01,,Российская Федерация,НИИ фармакологии им. Закусова
,Журнал Цемент и его применение,Kimyo,C,2019-01-01,,Российская Федерация,ООО «Цемент»
,Химия растительного сырья,Kimyo,C,2019-01-01,,Российская Федерация,Алтайский государственный университет
,Advanced Materials Research,Kimyo; Texnika,C,2019-01-01,,Switzerland,Trans Tech Publications Ltd
,Austrian Journal of Technical and Natural Sciences,Kimyo,C,2019-01-01,,Austria,East West Association
,Education in Chemistry,Kimyo,C,2019-01-01,,Great Britain,Royal Society of Chemistry
,"International Journal of Oil, Gas and Coal Technology",Kimyo,C,2019-01-01,,Great Britain,Inderscience Enterprises Ltd.
,Journal of Oil & Gas Science Engineering,Kimyo,C,2019-01-01,,Швеция,Sweden oil-gas engineering investigations HQ
,AIP Publishing,Kimyo,C,2019-01-01,,The USA,American Institute of Physics
,Chemical Science International Journal,Kimyo,C,2019-01-01,,The USA,Science Domain International
,American Journal of Oil and Chemical Technologies,Kimyo,C,2019-01-01,,The USA,American petro chemistry institute
,American Journal of Polymer Science,Kimyo,C,2019-01-01,,The USA,Scientific & Academic Publishing Co.
,European Polymer Journal,Kimyo,C,2019-01-01,,The USA,Elsevier
,International Applied Mechanics,Kimyo; Texnika,C,2019-01-01,,The USA,Springer
,International Journal of Material and Chemistry,Kimyo,C,2019-01-01,,The USA,Scientific & Academic Publishing Co.
,Journal of Cotton Science,Kimyo; Biologiya; Texnika; Qishloq xo‘jaligi,C,2019-01-01,,The USA,National Cotton Council of America
,Journal of Food Science and Engineering,Kimyo,C,2019-01-01,,The USA,David Publishing Company
,"Texas Journal of Oil, Gas, and Energy Law",Kimyo,C,2019-01-01,,The USA,University of Texas School of Law
,Journal of Chemical Engineering and Chemistry Research,Kimyo,C,2019-01-01,,The USA,Ethan Publishing Company
,Advanced Materials & Processes magazine,Kimyo,C,2019-01-01,,India,ASM International
,Colourage,Kimyo,C,2019-01-01,,India,Magazine Communications P. Limited
,Cotton Science,Kimyo; Texnika; Qishloq xo‘jaligi,C,2019-01-01,,China,Cotton Research Institute
,Indian Silk,Kimyo,C,2019-01-01,,India,Ministry of Textiles - Govt. of India
,Man-Made Textiles in India,Kimyo,C,2019-01-01,,India,Synthetic and Art Silk Mills Research Association
,Nano Science & Nano Technology: An Indian Journal,Kimyo,C,2019-01-01,,India,Indian Chemical R&D Institute
,Фарғона политехника институти илмий-техника журнали,Kimyo; Texnika; Qishloq xo‘jaligi,D,2019-01-01,,Farg‘ona,Фарғона политехника институти
,Тошкент шаҳридаги Турин политехника университети хабарномаси,Kimyo; Texnika,D,2019-01-01,,Toshkent,Турин политехника университети Тошкент филиали
,Наманган муҳандислик-технология институти илмий-техника журнали,Kimyo; Texnika; Iqtisodiyot,D,2019-01-01,,Namangan,Наманган муҳандислик-технология институти
,Тиббиёт ва спорт,Kimyo; Biologiya; Tibbiyot; Psixologiya,D,2019-01-01,,Toshkent,Тошкент тиббиёт академияси
,Farmatsiya,Kimyo; Farmatsevtika,D,2019-01-01,,Toshkent · Российская Федерация,"Sog‘lom-immunitet, Биоорганик кимё институти"
,Халқ табобати плюс,Kimyo; Tibbiyot; Farmatsevtika,D,2019-01-01,,Toshkent,Табобат академияси
,Ўзбекистон замини,Kimyo; Texnika; Qishloq xo‘jaligi; Iqtisodiyot; Geografiya; Arxitektura,D,2020-01-01,,Toshkent,Ўзбекистон замини МЧЖ
,Milliy standart,Kimyo; Texnika,D,2021-01-01,,Toshkent,Стандартлаштириш ИТИ
,Товарлар кимёси ва халқ табобати,Kimyo; Tibbiyot; Farmatsevtika,D,2022-01-01,,Toshkent,Табобат академияси
,Фармация ва фармакология,Kimyo; Biologiya; Tibbiyot; Farmatsevtika,D,2023-01-01,,Toshkent,Фармацевтика таълим ва тадқиқот институти
,Қўқон ДПИ. Илмий хабарлар,Kimyo; Biologiya; Tarix; Filologiya; Pedagogika; San’atshunoslik; Arxitektura; Psixologiya,D,2021-01-01,,Qo‘qon · Toshkent,Қўқон давлат педагогика институти
,Вестник БГУ,Kimyo; Qishloq xo‘jaligi,C,2024-01-01,,Toshkent,Бишкекский госуниверситет им. Карасаева
,Известия ОшТУ,Kimyo; Qishloq xo‘jaligi,C,2024-01-01,,Toshkent,Ошский технологический университет
,Қўқон университети хабарномаси,Kimyo; Biologiya; Texnika; Iqtisodiyot; Filologiya; Pedagogika,D,2022-01-01,,Qo‘qon · Toshkent,Қўқон университети
,Саноатда рақамли технологиялар,Kimyo; Geologiya; Texnika,D,2024-01-01,,Toshkent · Qarshi,Қарши муҳандислик-иқтисодиёт институти
,Фавқулодда вазиятлар вазирлиги Академияси Ахборотномаси,Kimyo; Texnika; Yuridik,D,2025-01-01,,Toshkent,ФВВ Академияси
,Central Asian Food engineering and technology,Kimyo,D,2023-01-01,,Toshkent,Тошкент кимё-технология институти
,ҚорДУ ахборотномаси (Бердақ номидаги),Kimyo,D,2022-01-01,,Nukus,Бердақ номидаги ҚДУ
,Қорақалпоғистонда фан ва таълим,Kimyo; Biologiya; Geologiya; Geografiya; Sotsiologiya,D,2023-01-01,,Nukus,Қорақалпоқ давлат университети
,Стекло и керамика,Kimyo,C,2024-01-01,,Россия,Изд. дом «Спектр»
,Новые огнеупоры,Kimyo,C,2024-01-01,,Россия,«Функциональные наноматериалы»
,"Строительные материалы, оборудование, технологии XXI века",Kimyo,C,2024-01-01,,Россия,"«Композит XXI век», МГСУ"
,Известия ВУЗ. Серия «Химия и химическая технология»,Kimyo,C,2024-01-01,,Россия,Ивановский ГХТУ
,Журнал неорганической химии,Kimyo,C,2024-01-01,,Россия,"Институт им. Курнакова, РАН"
,Неорганические материалы,Kimyo,C,2024-01-01,,Россия,"Институт им. Курнакова, РАН"
,O‘ZBEKISTON POLIMERLAR JURNALI,Kimyo; Farmatsevtika,D,2024-01-01,,Toshkent,Полимерлар кимёси ва физикаси институти
,Фан ва жамият,Kimyo,D,2025-01-01,,Nukus,Нукус давлат педагогика институти
,TerDU xabarlari,Kimyo; Biologiya; Pedagogika,D,2025-01-01,,Termiz,Термиз давлат университети
,Nazariy va klinik tibbiyot jurnali,Biologiya,D,2019-01-01,,Toshkent,Ўзбекистон ФА
,O‘zbekiston biologiya jurnali,Biologiya; Qishloq xo‘jaligi; Tibbiyot,D,2019-01-01,,Toshkent,Ўзбекистон ФА
,"Инфекция, иммунитет и фармакология",Biologiya; Tibbiyot; Farmatsevtika,D,2019-01-01,,Toshkent,Тошкент вакцина ва зардоблар ИТИ
,Ўзбекистон аграр фани хабарномаси,Biologiya; Texnika; Qishloq xo‘jaligi,D,2019-01-01,,Toshkent,Тошкент давлат аграр университети
,Ўзбекистон ФА Қорақалпоғистон бўлимининг ахборотномаси,Biologiya; Texnika; Qishloq xo‘jaligi; Tarix; Iqtisodiyot; Filologiya; Arxitektura; Siyosiy,D,2019-01-01,,Nukus,Ўзбекистон ФА Қорақалпоғистон бўлими
,Хоразм Маъмун академияси Ахборотномаси,Biologiya; Qishloq xo‘jaligi; Tarix; Iqtisodiyot; Filologiya; Arxitektura,D,2019-01-01,,Urganch,Хоразм Маъмун академияси
,Toshkent tibbiyot akademiyasi axborotnomasi,Biologiya; Tibbiyot,D,2019-01-01,,Toshkent,Тошкент тиббиёт академияси
,InterMedical,Biologiya,C,2019-01-01,,Rossiya,Интер-медикал
,Russian Entomological Journal,Biologiya,C,2019-01-01,,Rossiya,KMK Scientific Press
,Zoosystematica Rossica,Biologiya,C,2019-01-01,,Rossiya,Zoological Institute RAS
,Альгология,Biologiya,C,2019-01-01,,Ukraina,Институт ботаники НАНУ
,Биотехнология,Biologiya,C,2019-01-01,,Rossiya,ГосНИИ генетики
,Ботанический журнал,Biologiya; Qishloq xo‘jaligi,C,2019-01-01,,Rossiya,Ботанический институт РАН
,Бюллетень Гл. ботсада РАН,Biologiya,C,2019-01-01,,Rossiya,РАН
,Бюллетень Московского общества испытателей природы,Biologiya,C,2019-01-01,,Rossiya,МОИП
,Вавиловский журнал генетики и селекции,Biologiya; Qishloq xo‘jaligi,C,2019-01-01,,Rossiya,Институт цитологии и генетики СО РАН
,Вестник Киевского университета: Биология,Biologiya,C,2019-01-01,,Ukraina,КГУ
,Вестник СПбГУ: Биология,Biologiya,C,2019-01-01,,Rossiya,СПбГУ
,"Вопросы биологической, медицинской и фармацевтической химии",Biologiya,C,2019-01-01,,Rossiya,Радиотехника
,Гидробиологический журнал,Biologiya,C,2019-01-01,,Ukraina,Институт гидробиологии НАНУ
,Журнал общей биологии,Biologiya,C,2019-01-01,,Rossiya,Наука/Интерпериодика
,Журнал стресс-физиологии и биохимии,Biologiya,C,2019-01-01,,Rossiya,СИФБР РАН
,Растительные ресурсы,Biologiya; Qishloq xo‘jaligi; Farmatsevtika,C,2019-01-01,,Rossiya,Ботанический институт РАН
,Растительный мир Азиатской России,Biologiya,C,2019-01-01,,Rossiya,ЦСБС СО РАН
,Российский паразитологический журнал,Biologiya,C,2019-01-01,,Rossiya,ВНИИП им. Скрябина
,Токсикологический вестник,Biologiya,C,2019-01-01,,Rossiya,Роспотребнадзор
,Биомедицинская химия,Biologiya,C,2019-01-01,,Rossiya,РАМН
,Успехи современной биологии,Biologiya,C,2019-01-01,,Rossiya,«Наука»
,Успехи физиологических наук,Biologiya,C,2019-01-01,,Rossiya,МАИК «Наука/Интерпериодика»
,Научное обозрение. Биологические науки,Biologiya,C,2019-01-01,,Rossiya,РАЕ
,AоB Plants,Biologiya,C,2019-01-01,,Great Britain,Oxford University Press
,Edinburgh Journal of Botany,Biologiya,C,2019-01-01,,Great Britain,Cambridge University Press
,Englera,Biologiya,C,2019-01-01,,Germany,Botanischer Garten Berlin
,Journal Helmintology,Biologiya,C,2019-01-01,,Great Britain,Cambridge University Press
,Journal of Food Agriculture and Environment,Biologiya,C,2019-01-01,,Finland,WFL Publishers
,Journal of Plant Science and Molecular Breeding,Biologiya,C,2019-01-01,,Great Britain,Herbert Publications
,Journal of Structural and Functional Genomics,Biologiya,C,2019-01-01,,Germany,Springer
,Organic Agriculture,Biologiya,C,2019-01-01,,Germany,Springer
,Parasite,Biologiya,C,2019-01-01,,France,EDP Sciences
,Starfia Reports,Biologiya,C,2019-01-01,,Austria,Biology Center Upper Austria
,British Journal of Applied Science & Technology,Biologiya; Tibbiyot,C,2019-01-01,,Great Britain,SCIENCEDOMAIN int.
,American Journal of Plant Physiology,Biologiya,C,2019-01-01,,The USA,SCImago
,American Journal of Plant Science,Biologiya,C,2019-01-01,,The USA,Scientific Research Press
,Biochemical Pharmacology,Biologiya,C,2019-01-01,,The USA,NIH
,Canadian Journal of Zoology,Biologiya,C,2019-01-01,,Canada,NRC Canada
,Cotton Genomics and Genetics,Biologiya,C,2019-01-01,,Canada,BioPublisher
,Current Plant Biology,Biologiya,C,2019-01-01,,The USA,Elsevier
,"Genes, Genomes and Genetics",Biologiya,C,2019-01-01,,The USA,Genetics Society of America
,International Journal of Biology,Biologiya,C,2019-01-01,,Canada,Canadian Center of Science and Education
,International Journal of Genetic Engineering,Biologiya,C,2019-01-01,,The USA,Scientific & Academic Publishing
,International Journal of Virology and Molecular Biology,Biologiya,C,2019-01-01,,The USA,Scientific & Academic Publishing
,Journal of Agricultural Sciences,Biologiya,C,2019-01-01,,The USA,Cambridge University Press
,The Journal of Cell Biology,Biologiya,C,2019-01-01,,The USA,Rockefeller University Press
,Advances in Biophysics,Biologiya,C,2019-01-01,,Japan,Science Direct
,Asian Journal of Pharmacology and Toxicology,Biologiya,C,2019-01-01,,India,Literure Scientific Publishers
,Chinese Journal of Physiology,Biologiya,C,2019-01-01,,Taiwan,Chinese Physiological Society
,Eurasian Journal of Biosciences,Biologiya,C,2019-01-01,,Turkey,FEPR
,Floriculture and Ornamental Biotechnology,Biologiya,C,2019-01-01,,Japan,Global Science Books
,"Fruit, Vegetable and Cereal Science and Biotechnology",Biologiya,C,2019-01-01,,Japan,Global Science Books
,Indian Journal of Pharmacology,Biologiya,C,2019-01-01,,India,Indian Pharmacological Society
,International Journal of Advanced Biotechnology and Research,Biologiya,C,2019-01-01,,India,Society for Advancement of Science
,Iranian Journal of Pharmaceutical Sciences,Biologiya,C,2019-01-01,,Iran,Iranian Assoc. of Pharm. Scientists
,Journal of Arid Land,Biologiya,C,2019-01-01,,China,"Xinjiang Inst. of Ecology and Geography, CAS"
,Journal of Chinese Pharmacological Sciences,Biologiya,C,2019-01-01,,China,Editorial Office
,Journal of Crop Science and Biotechnology,Biologiya,C,2019-01-01,,South Korea,Korean Society of Crop Science
,Journal of General Plant Pathology,Biologiya,C,2019-01-01,,Japan,Phytopathological Society of Japan
,Journal of Pharmacological Sciences,Biologiya,C,2019-01-01,,Japan,Nakanishi printing
,"National Journal of Physiology, Pharmacy and Pharmacology",Biologiya,C,2019-01-01,,India,MedScience Publishers
,Plant Stress,Biologiya,C,2019-01-01,,Japan,Global Science Books
,Seed Science and Biotechnology,Biologiya,C,2019-01-01,,Japan,Global Science Books
,The Asian and Australasian Journal of Plant Science and Biotechnology,Biologiya; Qishloq xo‘jaligi,C,2019-01-01,,Japan,Global Science Books
,The Crop Journal,Biologiya,C,2019-01-01,,China,Chinese Academy of Agricultural Sciences
,The European Journal of Plant Science and Biotechnology,Biologiya,C,2019-01-01,,Japan,Global Science Books
,The Iranian Journal of Botany,Biologiya,C,2019-01-01,,Iran,Research Institute of Forests
,Turkish Journal of Biology,Biologiya,C,2019-01-01,,Turkey,TUBITAK
,Environmental Science an Indian Journal,Biologiya,C,2019-01-01,,India,Trade Science Inc.
,International Journal of Current Microbiology and Applied Science,Biologiya,C,2019-01-01,,India,Excellent Publishers
,Paxtachilik va donchilik,Biologiya; Qishloq xo‘jaligi,D,2021-01-01,,Toshkent,Пахта селекцияси ИТИ
,Қорақалпоқ давлат университетининг Ахборотномаси,Biologiya; Geologiya; Geografiya; San’atshunoslik; Arxitektura,D,2024-01-01,,Toshkent,ҚДУ
,Озиқ-овқат хавфсизлиги,Biologiya; Qishloq xo‘jaligi,D,2023-01-01,,Samarqand,СамДУ
,Тупроқшунослик ва агрокимё,Biologiya; Qishloq xo‘jaligi,D,2022-01-01,,Toshkent,Тупроқшунослик ва агрокимё ИТИ
,Zamonaviy biologiya va genetika,Biologiya,D,2023-01-01,,Chirchiq,ЧДПУ
,Урганч ДПИ ахборотномаси,Biologiya; Pedagogika; Psixologiya,D,2024-01-01,,Urganch,УрДПИ
,Спорт илм-фанининг долзарб муаммолари,Biologiya; Tarix; Falsafa; Pedagogika; Sotsiologiya,D,2025-01-01,,Toshkent,Jismoniy tarbiya instituti
,O’zbekiston qishloq va suv xo’jaligi,Biologiya,D,2025-01-01,,Toshkent,Қишлоқ ва сув хўжалиги вазирлиги
,Agro ilm,Biologiya,D,2025-01-01,,Toshkent,Қишлоқ ва сув хўжалиги вазирлиги
,Qishloq xo‘jaligida ilmiy yangiliklar,Biologiya; Qishloq xo‘jaligi; Veterinariya,D,2025-01-01,,Toshkent,СамВЧБУ Тошкент филиали
,Ekologiya xabarnomasi,Geologiya; Qishloq xo‘jaligi; Geografiya; Veterinariya,D,2019-01-01,,Toshkent,Табиатни муҳофаза қилиш давлат қўмитаси
,Geologiya va mineral resurslar,Geologiya,D,2019-01-01,,Toshkent,"ФА, Геология давлат қўмитаси"
,O‘zbekiston konchilik xabarnomasi,Geologiya; Texnika,D,2019-01-01,,Navoiy,"НКМК, НДКИ"
,Энергия ва ресурс тежаш муаммолари,Geologiya; Texnika,D,2019-01-01,,Toshkent,"«Ўзбекэнерго», ТДТУ"
,Инновацион технологиялар,Geologiya; Texnika; Qishloq xo‘jaligi; Iqtisodiyot,D,2019-01-01,,Qarshi,ҚарМИИ
,CIS Iron and Steel Review,Geologiya,C,2019-01-01,,Rossiya,АЛРОСА va boshqalar
,Eurasian mining,Geologiya,C,2019-01-01,,Rossiya,АЛРОСА va boshqalar
,NonFerrous Мetals,Geologiya,C,2019-01-01,,Rossiya,АЛРОСА va boshqalar
,Ore & Metals Weekly,Geologiya,C,2019-01-01,,Rossiya,АЛРОСА va boshqalar
,Russian Journal of Earth Sciences,Geologiya,C,2019-01-01,,Rossiya,Геофизический центр РАН
,Бурение и нефть,Geologiya,C,2019-01-01,,Rossiya,«Бурнефть»
,Вопросы инженерной сейсмологии,Geologiya; Texnika,C,2019-01-01,,Rossiya,Институт физики Земли РАН
,Геодинамика и тектонофизика,Geologiya,C,2019-01-01,,Rossiya,Институт земной коры СО РАН
,Геология нефти и газа,Geologiya,C,2019-01-01,,Rossiya,"Минприроды РФ, Газпром"
,Геология рудных месторождений,Geologiya,C,2019-01-01,,Rossiya,"РАН, Pleiades"
,"Геология, геофизика и разработка нефтяных и газовых месторождений",Geologiya,C,2019-01-01,,Rossiya,ВНИИОЭНГ
,Геоэкология. Инженерная геология,Geologiya; Geografiya,C,2019-01-01,,Rossiya,Институт геоэкологии РАН
,Горное оборудование и электромеханика,Geologiya; Texnika,C,2019-01-01,,Rossiya,МГГУ
,Горный журнал,Geologiya; Texnika,C,2019-01-01,,Rossiya,«Руда и Металлы»
,Горный информационно-аналитический бюллетень,Geologiya; Texnika,C,2019-01-01,,Rossiya,«Горная книга»
,Горный мир,Geologiya,C,2019-01-01,,Rossiya,«Руда и Металлы»
,Журнал «УГОЛЬ»,Geologiya,C,2019-01-01,,Rossiya,МГГУ
,Известия вузов. Горный журнал,Geologiya; Texnika,C,2019-01-01,,Rossiya,УГГУ
,Инженерная геология,Geologiya,C,2019-01-01,,Rossiya,Ассоциация «Инж. изыскания в стр-ве»
,История наук о Земле,Geologiya,C,2019-01-01,,Rossiya,Институт физики Земли РАН
,Литосфера,Geologiya,C,2019-01-01,,Rossiya,Институт геологии УрО РАН
,Защита окружающей среды в нефтегазовом комплексе,Geologiya,C,2019-01-01,,Rossiya,ВНИИОЭНГ
,Нефтепромысловое дело,Geologiya,C,2019-01-01,,Rossiya,ЭБС «Лань»
,Обогащение руд,Geologiya,C,2019-01-01,,Rossiya,«Руда и Металлы»
,Отечественная геология,Geologiya,C,2019-01-01,,Rossiya,Институт геологии алмаза СО РАН
,Разведка и охрана недр,Geologiya,C,2019-01-01,,Rossiya,Минприроды РФ
,Региональная геология и металлогения,Geologiya,C,2019-01-01,,Rossiya,ВСЕГЕИ
,Руды и металлы,Geologiya,C,2019-01-01,,Rossiya,ЦНИГРИ
,Строительство нефтяных и газовых скважин,Geologiya,C,2019-01-01,,Rossiya,ВНИИОЭНГ
,Черные металлы,Geologiya,C,2019-01-01,,Rossiya,«Руда и Металлы»
,Socar proceedings,Geologiya,C,2019-01-01,,Ozarbayjon,НИПИ «Нефтегаз»
,Нефтегазовая геология. Теория и практика,Geologiya,C,2019-01-01,,Rossiya,ВНИГРИ
,Взрывное дело,Geologiya,C,2019-01-01,,Rossiya,Академия горных наук
,Горный журнал Казахстана,Geologiya,C,2019-01-01,,Qozogʻiston,Институт горного дела Кунаева
,Oil & Gas journal Russia,Geologiya,C,2019-01-01,,Rossiya,ИД «Недра»
,"Air, Soil and Water Research",Geologiya,C,2019-01-01,,Great Britain,Libertas Academica
,Boletín de la Sociedad Española de Mineralogía,Geologiya,C,2019-01-01,,Spain,Sociedad Española de Mineralogía
,RMZ. Materials and Geoenvironment,Geologiya,C,2019-01-01,,Slovenia,Univerza v Ljubljani
,Environmental Geosciences,Geologiya,C,2019-01-01,,The USA,AAPG
,Exploration and Mining Geology,Geologiya,C,2019-01-01,,Canada,Canadian Institute of Mining
,First Break,Geologiya,C,2019-01-01,,The USA,EAGE
,GSA Today,Geologiya,C,2019-01-01,,The USA,Geological Society of America
,"International Journal of Oil, Gas and Coal Engineering",Geologiya; Texnika,C,2019-01-01,,The USA,Science Publishing Group
,Natural Resources Research,Geologiya,C,2019-01-01,,The USA,IAMG
,Research Journal of Environmental and Earth Sciences,Geologiya,C,2019-01-01,,The USA,Cornell University Library
,Rocky Mountain Geology,Geologiya,C,2019-01-01,,The USA,University of Wyoming
,Bulletin of the Mineral Research and Exploration of Turkey,Geologiya,C,2019-01-01,,Turkey,MTA
,Chinese Journal of Geochemistry,Geologiya,C,2019-01-01,,China,Science Press
,Economic and Environmental Geology,Geologiya,C,2019-01-01,,South Korea,Korean Society
,International Journal of Advancement in Earth and Environmental Sciences,Geologiya,C,2019-01-01,,India,IRO Sciences
,"International Journal of Advancement in Remote Sensing, GIS and Geography",Geologiya,C,2019-01-01,,India,IRO Sciences
,International Journal of Applied Environmental Sciences,Geologiya,C,2019-01-01,,South Korea,Seoul National University
,"International Journal of Geology, Earth & Environmental Sciences",Geologiya,C,2019-01-01,,India,Centre for Info Bio Technology
,Palaeoworld,Geologiya,C,2019-01-01,,China,Nanjing Inst. of Geology and Palaeontology
,Petroleum Exploration аnd Development,Geologiya,C,2019-01-01,,China,PetroChina
,Сейсмология муаммолари,Geologiya,D,2022-01-01,,Toshkent,ФА Сейсмология институти
,Вестник Института сейсмологии НАН КР,Geologiya,C,2024-01-01,,Toshkent,Институт сейсмологии КР
,Oil and Gas Uzbekistan,Geologiya,D,2025-01-01,,Toshkent,«Ўзбекнефтегаз»
,Геология фанлари университети хабарлари,Geologiya,D,2023-01-01,,Toshkent,Геология фанлари университети
,Кончилик машиналари ва технологиялари,Geologiya; Texnika,D,2023-01-01,,Toshkent,ТДТУ
,Литасфера (Беларусь),Geologiya,D,2023-01-01,,Minsk,Табиий ресурслар вазирлиги
,Ахборот коммуникациялари,Texnika,D,2019-01-01,,Toshkent,UNICON.UZ
,Agro ILM,Texnika; Qishloq xo‘jaligi; Iqtisodiyot; Veterinariya,D,2019-01-01,,Toshkent,Қишлоқ ва сув хўжалиги вазирлиги
,Архитектура. Қурилиш. Дизайн журнали,Texnika; Iqtisodiyot,D,2019-01-01,,Toshkent,ТАҚИ
,Informatika va energetika muammolari,Texnika,D,2019-01-01,,Toshkent,"ФА, АКТ вазирлиги"
,O‘zbekiston qishloq xo‘jaligi,Texnika; Veterinariya,D,2019-01-01,,Toshkent,Қишлоқ ва сув хўжалиги вазирлиги
,Muhammad al-Xorazmiy avlodlari,Texnika,D,2019-01-01,,Toshkent,ТАТУ
,ToshTYMI axboroti,Texnika,D,2019-01-01,,Toshkent,ТошТЙМИ
,Меъморчилик ва қурилиш муаммолари,Texnika; Arxitektura,D,2019-01-01,,Samarqand,СамДАҚИ
,ТАЙИ хабарномаси,Texnika,D,2019-01-01,,Toshkent,ТАЙИ
,Тўқимачилик муаммолари,Texnika,D,2019-01-01,,Toshkent,ТТЕСИ
,Irrigatsiya va melioratsiya jurnali,Texnika; Qishloq xo‘jaligi; Iqtisodiyot,D,2019-01-01,,Toshkent,ТИМИ
,Ёнғин-портлаш хавфсизлиги,Texnika,D,2019-01-01,,Toshkent,ИИВ Ёнғин хавфсизлиги институти
,Ўзбекистон архитектураси ва қурилиши,Texnika; Arxitektura,D,2019-01-01,,Toshkent,Давлат архитектура ва қурилиш қўмитаси
,Kutubxona.uz,Texnika; Tarix; Sotsiologiya,D,2019-01-01,,Toshkent,АКТ вазирлиги
,ТАТУ хабарлари,Texnika,D,2019-01-01,,Toshkent,ТАТУ
,Миллий гвардия Ҳарбий-техника институти ахборотномаси,Texnika; Tarix; Iqtisodiyot; Falsafa; Filologiya; Yuridik; Pedagogika; Siyosiy,D,2019-01-01,,Toshkent,Миллий гвардия ҲТИ
,Ҳарбий таълим ва фанда инновациялар,Texnika,D,2019-01-01,,Toshkent,Қуролли кучлар академияси
,Sustainable Agriculture,Texnika; Qishloq xo‘jaligi; Iqtisodiyot; Pedagogika,D,2019-01-01,,Toshkent,TIIAME
,"Фан, муҳофаза, хавфсизлик",Texnika,D,2019-01-01,,Toshkent,Фуқаро муҳофазаси институти
,Engineering & Technologies,Texnika,C,2019-01-01,,Rossiya,СФУ
,Авиакосмическое приборостроение,Texnika,C,2019-01-01,,Rossiya,НАУЧТЕХЛИТИЗДАТ
,Автоматизация в промышленности,Texnika,C,2019-01-01,,Rossiya,ИнфоАвтоматизация
,Автоматизация и современные технологии,Texnika,C,2019-01-01,,Rossiya,Машиностроение
,Автоматизация процессов управления,Texnika,C,2019-01-01,,Rossiya,НПО «Марс»
,Автомобильная промышленность,Texnika,C,2019-01-01,,Rossiya,Машиностроение
,Автомобильные дороги,Texnika,C,2019-01-01,,Rossiya,Минтранс России
,Автомобильный транспорт,Texnika,C,2019-01-01,,Rossiya,Минтранс России
,Автостроение за рубежом,Texnika,C,2019-01-01,,Rossiya,Машиностроение
,Автотранспортное предприятие,Texnika,C,2019-01-01,,Rossiya,Редакция журнала
,Вестник компьютерных и информационных технологий,Texnika,C,2019-01-01,,Rossiya,ИД «Спектр»
,Вестник машиностроения,Texnika,C,2019-01-01,,Rossiya,Машиностроение
,Вестник МГТУ им. Баумана: Машиностроение,Texnika,C,2019-01-01,,Rossiya,МГТУ
,Вестник МГТУ им. Баумана: Приборостроение,Texnika,C,2019-01-01,,Rossiya,МГТУ
,Вестник Московского энергетического института,Texnika,C,2019-01-01,,Rossiya,НИУ «МЭИ»
,Вестник НТУУ КПИ: Приборостроение,Texnika,C,2019-01-01,,Ukraina,НТУУ КПИ
,Вопросы электромеханики. Труды ВНИИЭМ,Texnika,C,2019-01-01,,Rossiya,«Корпорация ВНИИЭМ»
,Гидротехническое строительство,Texnika,C,2019-01-01,,Rossiya,Минэнерго России
,Главный энергетик,Texnika,C,2019-01-01,,Rossiya,Институт электроэнергетики
,Горная промышленность,Texnika,C,2019-01-01,,Rossiya,"МГГУ, АЛРОСА"
,Двигателестроение,Texnika,C,2019-01-01,,Rossiya,ЦНИДИ-Экосервис
,Дизайн и технологии,Texnika,C,2019-01-01,,Rossiya,МГУДТ
,Дизайн. Материалы. Технология,Texnika,C,2019-01-01,,Rossiya,СПГУТД
,Журнал «Гидротехника»,Texnika,C,2019-01-01,,Rossiya,ИД «Гидротехника»
,Известия вузов. Машиностроение,Texnika,C,2019-01-01,,Rossiya,МГТУ
,Известия вузов. Технология легкой промышленности,Texnika,C,2019-01-01,,Rossiya,СПГУТД
,Известия МГМУ «МАМИ»,Texnika,C,2019-01-01,,Rossiya,МАМИ
,Интеллектуальные системы,Texnika,C,2019-01-01,,Rossiya,МГУ
,Информационно-управляющие системы,Texnika,C,2019-01-01,,Rossiya,«Политехника»
,Информационные технологии в проектировании и производстве,Texnika,C,2019-01-01,,Rossiya,ФГУП «ВИМИ»
,Информационные технологии и вычислительные системы,Texnika,C,2019-01-01,,Rossiya,РАН
,Информационные технологии моделирования и управления,Texnika,C,2019-01-01,,Rossiya,«Научная книга»
,Исследования технических наук,Texnika,C,2019-01-01,,Rossiya,«Институт городской недвижимости»
,Кибернетика и программирование,Texnika,C,2019-01-01,,Rossiya,Nota Bene «НБ-Медиа»
,Кожевенно-обувная промышленность,Texnika,C,2019-01-01,,Rossiya,Редакция журнала
,Конструкции из композиционных материалов,Texnika,C,2019-01-01,,Rossiya,ВНИИ межотраслевой информации
,Контроль. Диагностика,Texnika,C,2019-01-01,,Rossiya,ИД «Спектр»
,Математическое моделирование,Texnika,C,2019-01-01,,Rossiya,"РАН, «Наука»"
,Мелиорация и водное хозяйство,Texnika; Qishloq xo‘jaligi; Geografiya,C,2019-01-01,,Rossiya,"Минсельхоз РФ, МГУП"
,Метро и тоннели,Texnika,C,2019-01-01,,Rossiya,Тоннельная ассоциация России
,Метрология и приборостроение,Texnika,C,2019-01-01,,Belarus,Госкомитет по стандартизации Беларуси
,Механизация и электрификация сельского хозяйства,Texnika,C,2019-01-01,,Rossiya,РАСХН
,Мир измерений,Texnika,D,2019-01-01,,Rossiya · Toshkent,Госстандарт России; Ўзстандарт агентлиги
,Гидротехника. XXI век,Texnika,C,2019-01-01,,Rossiya,РусГидро ВНИИГ
,Научный журнал Российского НИИ проблем мелиорации,Texnika; Qishloq xo‘jaligi,C,2019-01-01,,Rossiya,Российский НИИ проблем мелиорации
,Неразрушающий контроль и диагностика,Texnika,C,2019-01-01,,Belarus,Беларусский электронный центр «Наука»
,Отраслевые аспекты технических наук,Texnika,C,2019-01-01,,Rossiya,Издательство ИНГН
,Полет,Texnika,C,2019-01-01,,Rossiya,Машиностроение
,Полиграфия,Texnika,C,2019-01-01,,Rossiya,«Издательство Типограф»
,Приборы,Texnika,C,2019-01-01,,Rossiya,Международное общество приборостроителей
,Приборы и методы измерений,Texnika,C,2019-01-01,,Belarus,Беларусский национальный техн. университет
,"Приборы и системы. Управление, контроль, диагностика",Texnika,C,2019-01-01,,Rossiya,НАУЧТЕХЛИТИЗДАТ
,Проблемы информатики,Texnika,C,2019-01-01,,Rossiya,Институт вычислит. математики СО РАН
,Проблемы полиграфии и издательского дела,Texnika,C,2019-01-01,,Rossiya,Академический печатный двор
,Промышленные АСУ и контроллеры,Texnika,C,2019-01-01,,Rossiya,НАУЧТЕХЛИТИЗДАТ
,"Сборка в машиностроении, приборостроении",Texnika,C,2019-01-01,,Rossiya,Машиностроение
,Сварочное производство,Texnika,C,2019-01-01,,Rossiya,Российская инженерная академия
,Сельскохозяйственные машины и технологии,Texnika,C,2019-01-01,,Rossiya,ВИМ
,Системы управления и информационные технологии,Texnika,C,2019-01-01,,Rossiya,"ИПУ РАН, ВГТУ"
,Справочник. Инженерный журнал,Texnika,C,2019-01-01,,Rossiya,ИД «Спектр»
,Строительная механика инженерных конструкций и сооружений,Texnika,C,2019-01-01,,Rossiya,РУДН
,Строительные и дорожные машины,Texnika,C,2019-01-01,,Rossiya,«СДМ-пресс»
,Теория механизмов и машин,Texnika,C,2019-01-01,,Rossiya,СПбГПУ
,Техника в сельском хозяйстве,Texnika,C,2019-01-01,,Rossiya,Челябинская гос. агроинженерная академия
,Тракторы и сельскохозяйственные машины,Texnika,C,2019-01-01,,Rossiya,Редакция журнала «ТСМ»
,"ТРАНСПОРТ: наука, техника, управление",Texnika,C,2019-01-01,,Rossiya,ВИНИТИ
,Трение и смазка в машинах и механизмах,Texnika,C,2019-01-01,,Rossiya,Машиностроение
,Труды ГОСНИТИ,Texnika,C,2019-01-01,,Rossiya,ГОСНИТИ
,Труды МФТИ,Texnika,C,2019-01-01,,Rossiya,МФТИ
,Труды НАМИ,Texnika,C,2019-01-01,,Rossiya,НАМИ
,Уголь,Texnika,C,2019-01-01,,Rossiya,Минэнерго РФ
,Упрочняющие технологии и покрытия,Texnika,C,2019-01-01,,Rossiya,Машиностроение
,Устойчивое развитие горных территорий,Texnika,C,2019-01-01,,Rossiya,Редакция журнала
,Электрические станции,Texnika,C,2019-01-01,,Rossiya,"Минэнерго РФ, ФСК ЕЭС"
,Электричество,Texnika,C,2019-01-01,,Rossiya,«Знак»
,Электронное моделирование,Texnika,C,2019-01-01,,Ukraina,Институт проблем моделирования НАНУ
,Электротехника,Texnika,C,2019-01-01,,Rossiya,«Знак»
,Энергосбережение и водоподготовка,Texnika,C,2019-01-01,,Rossiya,«ЭНИВ»
,"Автоматизация, телемеханизация и связь в нефтяной промышленности",Texnika,C,2019-01-01,,Rossiya,ВНИИОЭНГ
,"Геология, геофизика и разработка нефтяных и газовых месторождений",Texnika,C,2019-01-01,,Rossiya,ВНИИОЭНГ
,Известия Петербургского университета путей сообщения,Texnika,C,2019-01-01,,Rossiya,ПГУПС
,Известия Транссиба,Texnika,C,2019-01-01,,Rossiya,ОмГУПС
,Вестник международной академии холода,Texnika,C,2019-01-01,,Rossiya,ИД «Холодильная техника»
,Транспортное строительство,Texnika,C,2019-01-01,,Rossiya,«Корпорация Трансстрой»
,Harvard Educational and Scientific Review,Texnika; Siyosiy,C,2019-01-01,,Great Britain,International Agency for Development of Culture
,International Journal of Modern Manufacturing Technologies,Texnika,C,2019-01-01,,Romania,ModTech Iasi
,Irrigation and Drainage Systems,Texnika,C,2019-01-01,,Netherlands,Springer
,Journal of Agricultural Engineering,Texnika,C,2019-01-01,,Italy,PAGEPress
,Journal of the Mechanical Behavior of Materials,Texnika,C,2019-01-01,,Germany,Walter de Gruyter
,Nanomaterials,Texnika,C,2019-01-01,,Switzerland,MDPI
,Transport Problems,Texnika,C,2019-01-01,,Poland,Silesian University of Technology
,American Journal of Operational Research,Texnika,C,2019-01-01,,The USA,Scientific Research International
,Computer Science and Information Technology,Texnika,C,2019-01-01,,The USA,Horizon Research Publishing
,Frontiers in Mechanical Engineering,Texnika,C,2019-01-01,,The USA,Springer
,Global Advanced Research Journal of Agricultural Science,Texnika; Qishloq xo‘jaligi,C,2019-01-01,,The USA,Global Advanced Research Journals
,Intelligent Control and Automation,Texnika,C,2019-01-01,,The USA,University of Oklahoma
,International Journal of Agricultural Science and Technology,Texnika; Qishloq xo‘jaligi,C,2019-01-01,,The USA,Science and Engineering Publishing
,International Research Journal of Agricultural Science and Soil Science,Texnika; Qishloq xo‘jaligi,C,2019-01-01,,The USA,International Research Journals Publishing House
,Internet Technologies and Applications Research,Texnika,C,2019-01-01,,The USA,Sciknow Publications
,Journal of Agricultural Engineering and Biotechnology,Texnika,C,2019-01-01,,The USA,Bowen Publishing
,"Journal of Automation, Mobile Robotics & Intelligent Systems",Texnika,C,2019-01-01,,The USA,Industrial Research Institute
,Journal of Machinery Manufacture and Reliability,Texnika,C,2019-01-01,,The USA,Allerton Press
,Research Journal of Computation and Mathematics,Texnika,C,2019-01-01,,The USA,Sciknow Publications
,Russian Engineering Research,Texnika,C,2019-01-01,,The USA,Allerton Press
,Science PG,Texnika,C,2019-01-01,,The USA,Science Publishing Group
,Asian Textile Journal,Texnika,C,2019-01-01,,India,GPS Kwatra
,Ictact Journal On Soft Computing,Texnika,C,2019-01-01,,India,ICT Academy of Tamil Nadu
,International Agricultural Engineering Journal,Texnika,C,2019-01-01,,Thailand,Asian Association For Agricultural Engineering
,"International Journal Of Advanced Research in Science, Engineering and Technology",Texnika,C,2019-01-01,,India,NISCAIR
,International Journal of Agricultural and Biological Engineering,Texnika,C,2019-01-01,,China,Chinese Society of Agricultural Engineering
,International Journal of Multimedia and Ubiquitous Engineering,Texnika,C,2019-01-01,,South Korea,SERSC
,International Journal of Security and Its Applications,Texnika,C,2019-01-01,,South Korea,SERSC
,International Journal of Software Engineering and Its Applications,Texnika,C,2019-01-01,,South Korea,SERSC
,International Research Journal of Environmental Sciences,Texnika,C,2019-01-01,,India,International Science Congress Association
,Japanese Journal of Fundamental and Applied Studies,Texnika; Siyosiy,C,2019-01-01,,Japan,International Agency for Development of Culture
,Journal of Automobile Engineering,Texnika,C,2019-01-01,,India,Transstellar
,Journal of Machinery Manufacturing and Automation,Texnika,C,2019-01-01,,China,World Academic Publishing
,The Indian Textile Journal,Texnika,C,2019-01-01,,India,IPF Online Limited
,Ubiquitous Computing and Internationalization,Texnika,C,2019-01-01,,North Korea,ITIRC
,Advanced Computing: An International Journal,Texnika,C,2019-01-01,,Australia/India/Turkey/UAE,AIRCC Publishing
,Australian Journal of Scientific Research,Texnika,C,2019-01-01,,Australia,Macmillan Publishers
,Journal of the Southern African Institute of Mining and Metallurgy,Texnika,C,2019-01-01,,South Africa,SAIMM
,"Ta’lim, fan va innovatsiya",Texnika; Pedagogika; Siyosiy,D,2024-01-01,,Toshkent,Olий таълимни ривожлантириш маркази
,Илм-фан ва инновацион ривожланиш,Texnika; Qishloq xo‘jaligi; Iqtisodiyot,D,2019-01-01,,Toshkent,Инновацион ривожланиш вазирлиги
,Агротехника дунёси,Texnika,D,2020-01-01,,Toshkent,Agrotexsanoat media
,Ўзбекгидроэнергетика,Texnika,D,2020-01-01,,Toshkent,O‘zbekgidroenergo
,Логистика ва иқтисодиёт,Texnika; Iqtisodiyot,D,2021-01-01,,Toshkent,Standart invest
,Машинасозлик,Texnika; Iqtisodiyot,D,2021-01-01,,Andijon,Андижон машинасозлик институти
,Механика ва технология,Texnika,D,2022-01-01,,Namangan,Наманган МҚИ
,Рақамли трансформация ва сунъий интеллект,Texnika; Iqtisodiyot,D,2023-01-01,,Toshkent,ТДИУ
,Journal of Hydraulic and environmental engineering,Texnika; Qishloq xo‘jaligi; Geografiya,D,2023-01-01,,Toshkent,TIIAME
,Қурилиш ва таълим илмий журнали,Texnika; Pedagogika; Arxitektura,D,2024-01-01,,Toshkent · Namangan,Наманган муҳандислик-қурилиш институти
,Транспорт хабарномаси,Texnika; Iqtisodiyot,D,2024-01-01,,Toshkent,ТДТрУ
,Политехнический вестник,Texnika,C,2024-01-01,,Tojikiston,Тожикистон техника университети
,Journal of Construction and Engineering Technology,Texnika; Geografiya,D,2024-01-01,,Toshkent,Фарғона политехника институти
,Агромуҳандислик ечимлари,Texnika,D,2024-01-01,,Toshkent,TIIAME
,Самарқанд давлат университетининг илмий ахборотномаси,Texnika,D,2024-01-01,,Toshkent,СамДУ
,Ахборот хавфсизлиги муаммолари,Texnika,D,2024-01-01,,Toshkent,ТАТУ
,Инсон капитали ва меҳнатни муҳофаза қилиш,Texnika; Iqtisodiyot; Yuridik; Pedagogika,D,2024-01-01,,Toshkent,Бандлик вазирлиги маркази
,ЖизПИ хабарномаси,Texnika,D,2024-01-01,,Toshkent,Жиззах политехника институти
,Узбекистонда таълим,Texnika,D,2024-01-01,,Toshkent,Olий таълимни ривожлантириш маркази
,Муқобил энергетика,Texnika,D,2024-01-01,,Toshkent,Қарши МИИ
,Тўқимачилик ва мода саноатида илм-фан ва инновациялар,Texnika,D,2025-01-01,,Toshkent,Наманган тўқимачилик институти
,"Геодезия, картография ва кадастр муаммолари",Texnika; Geografiya,D,2025-01-01,,Toshkent,Кадастр агентлиги
,Management and Future Technologies,Texnika,D,2025-01-01,,Toshkent,Менежмент ва замонавий технологиялар университети
,Innovative Multidisciplinary Journal of Applied Technology,Texnika; Filologiya,D,2025-01-01,,Toshkent,ТДТУ Қўқон филиали
,Стандарты и качество,Texnika,D,2025-01-01,,Toshkent,Ўзстандарт агентлиги
,Techscience.uz,Texnika,D,2025-01-01,,Toshkent,Жиззах политехника институти
,Innovation science and technologiy,Texnika; Iqtisodiyot,D,2025-01-01,,Toshkent,ТДИУ
,«Стандарт» илмий-техник журнали,Texnika,D,2025-01-01,,Toshkent,Ўзбекистон стандартлар институти
,CAU Journal of Applied Research,Texnika; Iqtisodiyot; Filologiya; Tibbiyot,D,2025-01-01,,Toshkent,Central Asian University
,Рақамли иқтисодиёт,Texnika; Iqtisodiyot,D,2023-01-01,,Toshkent,Рақамли иқтисодиёт тадқиқотлари маркази
,Фавқулодда вазиятлар ва ёнғин хавфсизлиги,Texnika,D,2025-01-01,,Toshkent,ФВВ илмий-тадқиqot instituti
,"Scientific Journal of Science, Research and Development",Texnika,D,2025-01-01,,Toshkent,Наманган давлат техника университети
,Management and Economics Scientific Research Journal,Texnika; Iqtisodiyot,D,2025-01-01,,Toshkent,ТМИИ
,"Янги иқтисодиёт, педагогика ва технологиялар сари",Texnika; Iqtisodiyot; Pedagogika,D,2025-01-01,,Toshkent,Фан ва технологиялар университети
,International journal of transport and technological machines,Texnika,D,2025-01-01,,Toshkent,ТДТрУ
,Ўзбекистон метрологияси,Texnika,D,2026-01-01,,Toshkent,Ўзстандарт агентлиги
,ИЛМИЙ СИНОВ ВА СИФАТ НАЗОРАТИ,Texnika,D,2026-01-01,,Toshkent,Ўзстандарт агентлиги
,ЎзМАА расмий веб-сайтининг илмий бўлими,Texnika; Tarix; Iqtisodiyot; Falsafa; Filologiya; Yuridik; Tibbiyot,D,2019-01-01,,Toshkent,ЎзМАА
,Темир йўл транспорти,Texnika; Iqtisodiyot,D,2020-01-01,,Toshkent,ТДТрУ
,Олий таълим тараққиёти истиқболлари,Texnika; Filologiya; Pedagogika,D,2021-01-01,,Toshkent,Erasmus+ Миллий офиси
,Innovation technosystems,Texnika,D,2023-01-01,,Toshkent,АКТ ва алоқа ҳарбий институти
,Рақамли технологияларнинг назарий ва амалий масалалари,Texnika,D,2023-01-01,,Samarqand,ТАТУ Самарқанд филиали
,Central Asian Journal of STEM,Texnika,D,2023-01-01,,Toshkent,Тошкент Кимё халқаро университети
,Al-Farg'oniy avlodlari,Texnika,D,2023-01-01,,Farg‘ona,ТАТУ Фарғона филиали
,"Геодезия, картография ва геоинформатика",Texnika; Geografiya,D,2023-01-01,,Toshkent,TIIAME
,Техносфера хавфсизлиги,Texnika,D,2024-01-01,,Toshkent,TIIAME
,Муҳандислик ва Иқтисодиёт,Texnika; Iqtisodiyot,D,2024-01-01,,Toshkent,Плеханов номидаги университет Тошкент филиали
,Муҳандис,Texnika,D,2024-01-01,,Toshkent,ТДТрУ
,Infolib,Texnika; Tarix,D,2025-01-01,,Toshkent,Алишер Навоий номидаги Миллий кутубхона
,Innores,Texnika,D,2025-01-01,,Andijon,Андижон давлат техника университети
,O‘zbekiston qishloq xo‘jaligi jurnali,Qishloq xo‘jaligi; Iqtisodiyot,D,2019-01-01,,Toshkent,Қишлоқ ва сув хўжалиги вазирлиги
,Ветеринария медицинаси,Qishloq xo‘jaligi; Veterinariya,D,2019-01-01,,Toshkent,Давлат ветеринария қўмитаси
,Agro kimyo himoya va o‘simliklar karantini,Qishloq xo‘jaligi,D,2019-01-01,,Toshkent,«Ўзагрокимёҳимоя»
,Chorvachilik va naslchilik ishi,Qishloq xo‘jaligi; Veterinariya,D,2019-01-01,,Toshkent,«Ўзбекқоракул»
,Аграрная наука,Qishloq xo‘jaligi,C,2019-01-01,,Rossiya,РАСХН
,Аграрная Россия,Qishloq xo‘jaligi,C,2019-01-01,,Rossiya,РАСХН
,Агрохимический вестник,Qishloq xo‘jaligi,C,2019-01-01,,Rossiya,Минсельхоз РФ
,Агрохимия,Qishloq xo‘jaligi,C,2019-01-01,,Rossiya,РАН
,Актуальные проблемы современной науки,Qishloq xo‘jaligi,C,2019-01-01,,Rossiya,«Si Group»
,Вестник ВНИИ механизации животноводства,Qishloq xo‘jaligi,C,2019-01-01,,Rossiya,ВНИИМЖ
,Вестник защиты растений,Qishloq xo‘jaligi,C,2019-01-01,,Rossiya,ВНИИ защиты растений
,Вестник Мичуринского ГАУ,Qishloq xo‘jaligi,C,2019-01-01,,Rossiya,Мичуринский ГАУ
,Вестник МГУ: Почвоведение,Qishloq xo‘jaligi,C,2019-01-01,,Rossiya,МГУ
,Вестник РАСХН,Qishloq xo‘jaligi,C,2019-01-01,,Rossiya,РАСХН
,Вестник сельскохозяйственной науки,Qishloq xo‘jaligi,C,2019-01-01,,Rossiya,РАСХН
,Вестник сельскохозяйственной науки Казахстана,Qishloq xo‘jaligi,C,2019-01-01,,Qozogʻiston,«КазАгроИнновация»
,Генетика,Qishloq xo‘jaligi; Tibbiyot,C,2019-01-01,,Rossiya,Институт общей генетики РАН
,Животноводство России,Qishloq xo‘jaligi; Veterinariya,C,2019-01-01,,Rossiya,ИД «Животноводство России»
,Защита и карантин растений,Qishloq xo‘jaligi,C,2019-01-01,,Rossiya,Россельхозцентр
,Земледелие,Qishloq xo‘jaligi,C,2019-01-01,,Rossiya,"Минсельхоз РФ, РАСХН"
,"Землеустройство, кадастр и мониторинг земель",Qishloq xo‘jaligi,C,2019-01-01,,Rossiya,Гос. университет по землеустройству
,Зоотехния,Qishloq xo‘jaligi; Veterinariya,C,2019-01-01,,Rossiya,ВНИИ животноводства
,Известия Тимирязевской сельскохозяйственной Академии,Qishloq xo‘jaligi,C,2019-01-01,,Rossiya,Тимирязевская академия
,Картофель и овощи,Qishloq xo‘jaligi,C,2019-01-01,,Rossiya,ВНИИ картофельного хозяйства
,Коневодство и конный спорт,Qishloq xo‘jaligi; Veterinariya,C,2019-01-01,,Rossiya,Минсельхоз РФ
,Лесное хозяйство,Qishloq xo‘jaligi,C,2019-01-01,,Rossiya,ЛесПромИнформ
,Лесоведение,Qishloq xo‘jaligi,C,2019-01-01,,Rossiya,Центр по проблемам экологии лесов РАН
,Международный сельскохозяйственный журнал,Qishloq xo‘jaligi,C,2019-01-01,,Rossiya,Редакция журнала
,Молочное и мясное скотоводство,Qishloq xo‘jaligi; Veterinariya,C,2019-01-01,,Rossiya,Редакция журнала
,Овощи России,Qishloq xo‘jaligi,C,2019-01-01,,Rossiya,ВНИИ селекции овощных культур
,"Овцы, козы, шерстяное дело",Qishloq xo‘jaligi; Veterinariya,C,2019-01-01,,Rossiya,"Минсельхоз РФ, «Овцепром»"
,Плодородие,Qishloq xo‘jaligi,C,2019-01-01,,Rossiya,ВНИИ агрохимии
,Почвоведение,Qishloq xo‘jaligi,C,2019-01-01,,Rossiya,РАН
,Проблемы агрохимии и экологии,Qishloq xo‘jaligi,C,2019-01-01,,Rossiya,МГУ
,Пчеловодство,Qishloq xo‘jaligi,C,2019-01-01,,Rossiya,Академия пчеловодства
,Садоводство и виноградарство,Qishloq xo‘jaligi,C,2019-01-01,,Rossiya,Россельхозакадемия
,Сахарная свекла,Qishloq xo‘jaligi,C,2019-01-01,,Rossiya,РАСХН
,Владимирский земледелец,Qishloq xo‘jaligi,C,2019-01-01,,Rossiya,Владимирский НИИ сельского хозяйства
,Bulgarian Journal of Agricultural Scienсe,Qishloq xo‘jaligi,C,2019-01-01,,Bolgariya,Agricultural Academy of Bulgaria
,Растениевъдни науки,Qishloq xo‘jaligi,C,2019-01-01,,Bolgariya,Agricultural Academy Bulgaria
,Agronomy Journal,Qishloq xo‘jaligi,C,2019-01-01,,The USA,American Society of Agronomy
,International Journal of Agricultural Science and Bioresource Engineering Research,Qishloq xo‘jaligi,C,2019-01-01,,The USA,Society of Agricultural Science
,"Horticulture, Environment and Biotechnology",Qishloq xo‘jaligi,C,2019-01-01,,South Korea,Korean Society for Horticultural Science
,Journal of Sericultural Science of Japan,Qishloq xo‘jaligi,C,2019-01-01,,Japan,Japanese Society of Sericulture Science
,Plant Breeding and Biotechnology,Qishloq xo‘jaligi,C,2019-01-01,,South Korea,Korean Society of Breeding Science
,SoilWater Journal,Qishloq xo‘jaligi,C,2019-01-01,,Turkey,"Central Research Institute of Soil, Fertilizer and Water"
,AGRO BIZNES INFORM,Qishloq xo‘jaligi,D,2020-01-01,,Toshkent,Тадбиркорлик маркази
,Наука и инновационные технологии,Qishloq xo‘jaligi,D,2024-01-01,,Toshkent,Инновацион технологиялар университети
,"Наука, новые технологии и инновации Кыргызстана",Qishloq xo‘jaligi,C,2024-01-01,,Toshkent,Академия ученых КР
,Agro Inform,Qishloq xo‘jaligi,D,2021-01-01,,Toshkent,ТДАУ
,Science and Education in Agriculture,Qishloq xo‘jaligi; Iqtisodiyot,D,2023-01-01,,Andijon,Андижон қишлоқ хўжалиги институти
,"Agrobiznes, fan va texnologiyalar",Qishloq xo‘jaligi; Iqtisodiyot,D,2024-01-01,,Toshkent,ТДАУ
,Бердақ номидаги ҚДУ ахборотномаси,Qishloq xo‘jaligi,D,2024-01-01,,Toshkent,ҚДУ
,Agroinnovatsiya,Qishloq xo‘jaligi,D,2025-01-01,,Toshkent,Термиз агротехнологиялар университети
,Тадқиқотлар ва инновациялар,Qishloq xo‘jaligi,D,2025-01-01,,Toshkent,Навоий давлат университети
,Tarannum,Qishloq xo‘jaligi,D,2025-01-01,,Toshkent,TIIAME
,Ўзбекистон энг янги тарихининг долзарб масалалари,Tarix; Siyosiy; Islomshunoslik,D,2019-01-01,,Toshkent,"ФА, Олий таълим ва Халқ таълими вазирликлари"
,Meros,Tarix; Filologiya; Islomshunoslik,D,2019-01-01,,Toshkent,Шарқшунослик институти
,Moziydan sado,Tarix; Falsafa; Siyosiy; Islomshunoslik,D,2019-01-01,,Toshkent,"Маданият вазирлиги, Бадиий академия"
,O‘zbekiston arxeologiyasi,Tarix,D,2019-01-01,,Samarqand,Археология институти
,O‘zbekiston moddiy madaniyati tarixi,Tarix,D,2019-01-01,,Samarqand,Археология институти
,O‘zbekiston tarixi,Tarix; Sotsiologiya; Siyosiy,D,2019-01-01,,Toshkent,ФА
,O‘zbekistonda ijtimoiy fanlar,Tarix; Falsafa; San’atshunoslik; Arxitektura; Sotsiologiya; Siyosiy; Islomshunoslik,D,2019-01-01,,Toshkent,ФА
,Sharq mash’ali,Tarix; Filologiya; Siyosiy,D,2019-01-01,,Toshkent,ТошДШИ
,Sharqshunoslik,Tarix; Falsafa; Filologiya; Siyosiy; Islomshunoslik,D,2019-01-01,,Toshkent,ТошДШИ
,Xalqaro munosabatlar,Tarix; Iqtisodiyot; Yuridik; Siyosiy,D,2019-01-01,,Toshkent,ЖИДУ
,Вестник МИЦАИ,Tarix; Arxitektura; Siyosiy,D,2019-01-01,,Samarqand,МИЦАИ ЮНЕСКО
,Демократлаштириш ва инсон ҳуқуқлари,Tarix; Falsafa; Yuridik; Sotsiologiya; Siyosiy; Islomshunoslik,D,2019-01-01,,Toshkent,Инсон ҳуқуқлари бўйича Миллий маркази
,Жамият ва бошқарув,Tarix; Iqtisodiyot; Falsafa; Yuridik; Sotsiologiya; Siyosiy; Islomshunoslik,D,2019-01-01,,Toshkent,Давлат бошқаруви академияси
,Ижтимоий фикр. Инсон ҳуқуқлари,Tarix; Iqtisodiyot; Falsafa; Yuridik; Pedagogika; San’atshunoslik; Sotsiologiya; Siyosiy; Islomshunoslik,D,2019-01-01,,Toshkent,«Ижтимоий фикр» маркази
,Имом Бухорий сабоқлари,Tarix; Falsafa; Siyosiy; Islomshunoslik,D,2019-01-01,,Samarqand,Имом Бухорий халқаро маркази
,Қарақалпақ давлат университети хабаршысы,Tarix; Iqtisodiyot; Falsafa; Filologiya; Yuridik; Pedagogika; Psixologiya; Siyosiy; Islomshunoslik,D,2019-01-01,,Nukus,ҚДУ
,Маънавий ҳаёт,Tarix; Falsafa; San’atshunoslik; Siyosiy; Islomshunoslik,D,2019-01-01,,Toshkent,Маънавият ва маърифат кенгаши
,Тафаккур,Tarix; Falsafa; San’atshunoslik; Siyosiy; Islomshunoslik,D,2019-01-01,,Toshkent,Маънавият ва маърифат кенгаши
,Тошкент ислом университети илмий-таҳлилий ахбороти,Tarix; Falsafa; Filologiya; Siyosiy; Islomshunoslik,D,2019-01-01,,Toshkent,Тошкент ислом университети
,Фуқаролик жамияти,Tarix; Falsafa; Yuridik; Sotsiologiya; Siyosiy; Islomshunoslik,D,2019-01-01,,Toshkent,"Мониторинг мустақил институти, ЎзМУ"
,Водийнома,Tarix,D,2019-01-01,,Andijon,«Мерос» экспедиция жамоат фонди
,"Марказий Осиёда жамият, гендер ва оила",Tarix; Falsafa; Pedagogika; Psixologiya; Sotsiologiya; Siyosiy; Islomshunoslik,D,2019-01-01,,Toshkent,«Оила» тадқиқот маркази
,Тошкент давлат педагогика университети илмий ахборотлари,Tarix; Filologiya; Pedagogika; Psixologiya,D,2019-01-01,,Toshkent,ТДПУ
,Tamaddun nuri,Tarix; Falsafa; Filologiya; Yuridik; Pedagogika; Psixologiya,D,2019-01-01,,Қорақалпоғистон · Nukus,Хоразм Маъмун академияси
,Sohibqiron yulduzi,Tarix,D,2019-01-01,,Qarshi,Қарши ДУ
,Тарихнинг номаълум саҳифалари,Tarix,D,2019-01-01,,Toshkent,Қатағон қурбонлари хотираси музейи
,“UzBridge” ахборот таҳлилий электрон журнали,Tarix; Iqtisodiyot; Pedagogika; Sotsiologiya; Siyosiy,D,2019-01-01,,Toshkent,«Эл-юрт умиди» жамғармаси
,Амударё,Tarix,D,2019-01-01,,Nukus,Қорақалпоғистон Ёзувчилар уюшмаси
,Ўтмишга назар журнали,Tarix,D,2019-01-01,,Toshkent,ЎзМУ
,Фан ва турмуш,Tarix; Iqtisodiyot; Falsafa; Filologiya; San’atshunoslik; Arxitektura,D,2019-01-01,,Toshkent,ФА илм-фан тарғиботи маркази
,AlmaMater,Tarix; Siyosiy; Islomshunoslik,C,2019-01-01,,Rossiya,Минобрнауки РФ
,Herald of the Russian Academy of Sciences,Tarix; Siyosiy; Islomshunoslik,C,2019-01-01,,Rossiya,РАН
,Manuscripta Orientalia,Tarix; Islomshunoslik,C,2019-01-01,,Rossiya,"Kunstkamera, РАН"
,Азия и Африка сегодня,Tarix; Filologiya; Siyosiy; Islomshunoslik,C,2019-01-01,,Rossiya,"РАН, Институт востоковедения"
,Вестник антропологии,Tarix; Islomshunoslik,C,2019-01-01,,Rossiya,Институт этнологии РАН
,"Вестник археологии, антропологии и этнографии",Tarix; Islomshunoslik,C,2019-01-01,,Rossiya,Институт проблем освоения Севера СО РАН
,Вестник архивиста,Tarix; Islomshunoslik,C,2019-01-01,,Rossiya,Общество историков-архивистов
,Вестник древней истории,Tarix; Islomshunoslik,C,2019-01-01,,Rossiya,РАН
,Вестник МГУ: Политические науки,Tarix; Siyosiy,C,2019-01-01,,Rossiya,МГУ
,Вестник МГУ: История,Tarix,C,2019-01-01,,Rossiya,МГУ
,Вестник МГУ: Антропология,Tarix,C,2019-01-01,,Rossiya,МГУ
,Вестник МГУ: Международные отношения и мировая политика,Tarix; Siyosiy,C,2019-01-01,,Rossiya,МГУ
,Вестник РГГУ: Исторические науки,Tarix,C,2019-01-01,,Rossiya,РГГУ
,Вестник СПбГУ: История,Tarix,C,2019-01-01,,Rossiya,СПбГУ
,Вопросы истории,Tarix,C,2019-01-01,,Rossiya,РАН
,Восток (Orients),Tarix; Siyosiy,C,2019-01-01,,Rossiya,Институт востоковедения РАН
,Журнал социологии и социальной антропологии,Tarix; Sotsiologiya,C,2019-01-01,,Rossiya,"СПбГУ, Социологический институт РАН"
,Исторический журнал: научные исследования,Tarix,C,2019-01-01,,Rossiya,МГУ
,Историческое пространство,Tarix,C,2019-01-01,,Rossiya,Институт всеобщей истории РАН
,История государства и права,Tarix,C,2019-01-01,,Rossiya,ИГ «Юрист»
,Международные процессы,Tarix; Siyosiy,C,2019-01-01,,Rossiya,Форум по международным отношениям
,Мировая экономика и международные отношения,Tarix; Iqtisodiyot; Siyosiy,C,2019-01-01,,Rossiya,ИМЭМО РАН
,Новая и новейшая история,Tarix,C,2019-01-01,,Rossiya,МГУ
,Общественные науки и современность,Tarix; Siyosiy,C,2019-01-01,,Rossiya,РАН
,Письменные памятники Востока,Tarix; Filologiya,C,2019-01-01,,Rossiya,Институт восточных рукописей РАН
,Российская археология,Tarix,C,2019-01-01,,Rossiya,Институт археологии РАН
,Российская тюркология,Tarix; Filologiya,C,2019-01-01,,Rossiya,Институт языкознания РАН
,Россия в глобальной политике,Tarix; Siyosiy,C,2019-01-01,,Rossiya,Фонд исследований мировой политики
,Россия и мусульманский мир,Tarix; Falsafa; Filologiya; Siyosiy; Islomshunoslik,C,2019-01-01,,Rossiya,Институт востоковедения РАН
,Этнографическое обозрение,Tarix,C,2019-01-01,,Rossiya,Институт этнологии РАН
,Антропологический форум,Tarix,C,2019-01-01,,Rossiya,"Kunstkamera, Европейский университет"
,"Археология, этнография и антропология Евразии",Tarix,C,2019-01-01,,Rossiya,Институт археологии СО РАН
,"Вестник НГУ: История, филология",Tarix,C,2019-01-01,,Rossiya,НГУ
,Вестник Омского университета: Исторические науки,Tarix,C,2019-01-01,,Rossiya,ОмГУ им. Достоевского
,Вестник ТГУ: История,Tarix,C,2019-01-01,,Rossiya,ТГУ
,Вестник ТвГУ: История,Tarix,C,2019-01-01,,Rossiya,ТвГУ
,Проблемы востоковедения,Tarix,C,2019-01-01,,Rossiya,АН Башкортостан
,Научный Татарстан,Tarix,C,2019-01-01,,Rossiya,АН Татарстана
,Отан Тарихы,Tarix,C,2019-01-01,,Qozogʻiston,Институт истории Валиханова
,Вестник КазНУ: История,Tarix,C,2019-01-01,,Qozogʻiston,КазНУ аль-Фараби
,Вестник Евразийского государственного университета,Tarix,C,2019-01-01,,Qozogʻiston,ЕНУ
,Bulletin of SOAS,Tarix; Falsafa; Siyosiy; Islomshunoslik,C,2019-01-01,,Great Britain,School of Oriental and African Studies
,Cahiers du monde Russe,Tarix; Siyosiy,C,2019-01-01,,France,Éditions de l'EHESS
,Central Asian Survey,Tarix; Siyosiy,C,2019-01-01,,Great Britain,Taylor & Francis
,Die Welt des Islams,Tarix; Siyosiy,C,2019-01-01,,Germany,Walter de Gruyter
,Journal of Persian Studies,Tarix; Siyosiy,C,2019-01-01,,Netherlands,BRILL
,Journal of the International Society for Iranian Studies,Tarix; Siyosiy,C,2019-01-01,,Great Britain,Oxford University Press
,Journal of the Royal Asiatic Society,Tarix; Siyosiy,C,2019-01-01,,Great Britain,Cambridge University Press
,Oriente Moderno,Tarix; Siyosiy,C,2019-01-01,,Italy,Istituto per l'Oriente C.A.Nallino
,The Historical Journal,Tarix,C,2019-01-01,,Great Britain,Cambridge University Press
,"Worldviews: Global Religions, Culture and Ecology",Tarix; Falsafa; Filologiya; Islomshunoslik,C,2019-01-01,,Netherlands,Leiden Brill
,Wostok,Tarix; Siyosiy,C,2019-01-01,,Germany,WOSTOK Verlagsgesellschaft
,"""Berlin Studies""",Tarix; Iqtisodiyot; Falsafa; Filologiya; Yuridik; Pedagogika; Psixologiya; Sotsiologiya; Siyosiy; Islomshunoslik,C,2019-01-01,,Germany,Finckenstein & Salmuth Verlags
,Acta Orientalia Academiae Scientarium Hungaricae,Tarix; Filologiya,C,2019-01-01,,Vengriya,Eotvos Lorand University
,American Oriental Society,Tarix; Siyosiy,C,2019-01-01,,The USA,American Oriental Society
,Association for Central Asian Civilizations & Silk Road Studies,Tarix; Siyosiy,C,2019-01-01,,The USA,ACACSRS
,Bulletin of the American Schools of Oriental Research,Tarix; Siyosiy,C,2019-01-01,,The USA,ASOR
,Canadian Historical Review,Tarix; Siyosiy,C,2019-01-01,,Kanada,University of Toronto Press
,Comparative Studies in Society and History,Tarix; Siyosiy,C,2019-01-01,,The USA,University of Michigan
,Current Anthropology,Tarix,C,2019-01-01,,The USA,University of Chicago Press
,Diplomatic History,Tarix; Siyosiy,C,2019-01-01,,The USA,Indiana University Bloomington
,International Journal of Middle East Studies,Tarix; Filologiya; Siyosiy; Islomshunoslik,C,2019-01-01,,The USA · Great Britain,Cambridge University Press
,Islamic Law and Society,Tarix; Filologiya; Islomshunoslik,C,2019-01-01,,The USA · Netherlands · Great Britain,Brill
,Journal of American East Asian Relations,Tarix; Siyosiy,C,2019-01-01,,The USA,Brill Publishers
,Studia Islamica,Tarix; Falsafa; Filologiya; Siyosiy; Islomshunoslik,C,2019-01-01,,The USA · France,Princeton University
,The Ancient World,Tarix,C,2019-01-01,,The USA,Ares publishers
,The Indiana University Oriental Series,Tarix; Siyosiy,C,2019-01-01,,The USA,Indiana University
,The Journal of Modern History,Tarix; Siyosiy,C,2019-01-01,,The USA,University of Chicago Press
,Central Asian Studies,Tarix; Siyosiy,C,2019-01-01,,South Korea,International Association of Central Asian Studies
,Center for Integrated Area Studies Discussion Paper,Tarix; Siyosiy,C,2019-01-01,,Japan,Kyoto University
,Contemporary Central Asia,Tarix; Siyosiy,C,2019-01-01,,India,Central Asian studies foundation
,Himalayan and Central Asian studies,Tarix; Siyosiy,C,2019-01-01,,India,Himalayan research and cultural foundation
,Historia scientiarum,Tarix,C,2019-01-01,,Japan,History of Science Society of Japan
,Indian Historical Review,Tarix; Siyosiy,C,2019-01-01,,India,Indian Council of Historical Research
,International Journal of Central Asian Studies,Tarix; Filologiya; Siyosiy,C,2019-01-01,,South Korea,Institute of Asian Culture
,Japanese Review of Cultural Anthropology,Tarix,C,2019-01-01,,Japan,Japanese Society of Cultural Anthropology
,Journal of Central Asian and the Caucasian Studies,Tarix; Siyosiy,C,2019-01-01,,Turkey,Uluslararasi Stratejik Arastirmalar Kurumu
,Journal of Diaspora Studies,Tarix; Siyosiy,C,2019-01-01,,South Korea,Chonnam National University
,Journal of Eurasian Studies,Tarix; Siyosiy,C,2019-01-01,,South Korea,Hanyang University
,Journal of International Culture,Tarix; Siyosiy,C,2019-01-01,,South Korea,Chosun University
,Korean and Asian History,Tarix,C,2019-01-01,,South Korea,National Museum of Korea
,Studies on the Inner Asian Languages,Tarix; Filologiya,C,2019-01-01,,Japan,Osaka University
,The International Association of Central Asian Studies,Tarix; Falsafa; Filologiya; Siyosiy; Islomshunoslik,C,2019-01-01,,South Korea,Korea University of International Studies
,The Journal of Humanities,Tarix; Siyosiy,C,2019-01-01,,South Korea,Myondji University
,The Korea Post,Tarix; Iqtisodiyot; Falsafa; Yuridik; Siyosiy; Islomshunoslik,C,2019-01-01,,South Korea,The Korea Post Media
,The Korean Journal of Central Asian and Caucasian Studies,Tarix; Siyosiy,C,2019-01-01,,South Korea,Institute of Central Asian Studies
,Turkish Studies,Tarix; Siyosiy,C,2019-01-01,,Turkey,Yıldırım Beyazıt Üniversitesi
,Turkish Studies Association Journal,Tarix; Siyosiy,C,2019-01-01,,Turkey,Ottoman and Turkish Studies Association
,Таълим тизимида ижтимоий-гуманитар фанлар,Tarix; Iqtisodiyot; Falsafa; Pedagogika; Psixologiya,D,2019-01-01,,Toshkent,ТДТУ
,Tafakkur ziyosi,Tarix; Falsafa; Filologiya; Pedagogika,D,2024-01-01,,Jizzax,Жиззах ДПИ
,Таълим ва инновацион тадқиқотлар,Tarix; Filologiya; Pedagogika; Psixologiya,D,2021-01-01,,Buxoro,БухДУ
,Экономика Центральной Азии,Tarix; Iqtisodiyot; Yuridik; Sotsiologiya; Siyosiy,D,2021-01-01,,Moskva,Первое экономическое издательство
,Ўзбекистон: тил ва маданият,Tarix; Filologiya; Pedagogika; Psixologiya,D,2021-01-01,,Toshkent,ТДЎТАИ
,Мотуридийлик,Tarix; Islomshunoslik,D,2021-01-01,,Toshkent,Имом Мотуридий халқаро маркази
,Янги Ўзбекистон / Правда Востока (илм-фан),Tarix,D,2024-01-01,,Toshkent,Янги Ўзбекистон газетаси
,Maqom,Tarix; San’atshunoslik,D,2024-01-01,,Toshkent,Юнус Ражабий институти
,Фалсафий тадқиқотлар ва Ижтимоий фанлар халқаро журнали,Tarix; Falsafa,D,2024-01-01,,Toshkent,Имом Бухорий халқаро маркази
,Туркологик тадқиқотлар,Tarix; Filologiya,D,2024-01-01,,Toshkent,СамДУ
,TURKOLOGIYA. TURKOLOGY,Tarix; Falsafa; Filologiya; Siyosiy,D,2024-01-01,,Toshkent,ТошДШУ
,Innovatsiya va taraqqiyot,Tarix; Filologiya,D,2025-01-01,,Toshkent,Урганч инновацион университети
,Марказий Осиё тарихи,Tarix,D,2023-01-01,,Toshkent,ТДПУ
,Зирҳли қалқон,Tarix; Pedagogika; Harbiy; Siyosiy,D,2021-01-01,,Chirchiq,Чирчиқ танк қўмондонлиги
,Scienceproblems.uz,Tarix; Iqtisodiyot; Falsafa; Filologiya; Yuridik; Pedagogika,D,2022-01-01,,Samarqand,СамДУ
,Til va adabiyot.uz,Tarix; Falsafa; Filologiya; Pedagogika; Psixologiya,D,2023-01-01,,Toshkent,Мактабгача ва мактаб таълими вазирлиги
,Педагогик акмеология,Tarix; Pedagogika; Psixologiya; Sotsiologiya,D,2023-01-01,,Buxoro,Бухоро ДПИ
,ИИВ Малака ошириш институтининг ахборотномаси,Tarix; Yuridik,D,2023-01-01,,Toshkent,ИИВ Малака ошириш институти
,YANGI O'ZBEKISTON / Правда Востока,Tarix; Iqtisodiyot; Falsafa; Filologiya; Yuridik; Pedagogika; Sotsiologiya; Siyosiy; Islomshunoslik,D,2024-01-01,,Toshkent,Янги Ўзбекистон газетаси
,Ижтимоий фанлар,Tarix; Falsafa; Pedagogika,D,2023-01-01,,Qarshi,Қарши МИИ
,Фалсафий тадқиқотлар ва Ижтимоий фанлар,Tarix; Iqtisodiyot; Falsafa,D,2023-01-01,,Toshkent,Имом Бухорий халқаро маркази
,Тарихий тадқиқотлар,Tarix,D,2024-01-01,,Toshkent,ЎзМУ
,XXI ASR: FAN VA TA'LIM MASALALARI,Tarix; Iqtisodiyot; Falsafa; Siyosiy,D,2024-01-01,,Toshkent,ТошДШУ
,"Sharq tarixi, siyosati va huquqi",Tarix; Falsafa; Yuridik; Sotsiologiya; Siyosiy; Islomshunoslik,D,2024-01-01,,Toshkent,ЎзМУ
,Интеллектуал ва маданий мерос халқаро журнал,Tarix; Iqtisodiyot; Falsafa; Filologiya; Pedagogika; San’atshunoslik; Arxitektura; Sotsiologiya; Siyosiy; Islomshunoslik,D,2024-01-01,,Toshkent,Ўзбекистон тарихи давлат музейи
,Тезкор-қидирув ҳуқуқи,Tarix,D,2024-01-01,,Toshkent,ИИВ Академияси
,Шарқ ижтимоий фанлар журнали,Tarix; Iqtisodiyot; Falsafa; Sotsiologiya; Islomshunoslik,D,2024-01-01,,Toshkent,ЎзМУ
,Makon va Zamon,Tarix; Falsafa; Pedagogika; Sotsiologiya; Siyosiy,D,2024-01-01,,Toshkent,TIIAME
,Ma'mun Science,Tarix; Iqtisodiyot; Filologiya,D,2024-01-01,,Toshkent,Маъмун университети
,Фан ва таълим интеграцияси,Tarix; Pedagogika; Psixologiya,D,2024-01-01,,Toshkent,Ўзбекистон-Финляндия педагогика институти
,Lingvospektr,Tarix; Filologiya; Pedagogika,D,2025-01-01,,Toshkent,ЎзДЖТУ
,Muarrix,Tarix,D,2025-01-01,,Toshkent,Тошкент Кимё халқаро университети
,Ижтимоий-гуманитар соҳада илмий инновацион тадқиқотлар,Tarix; Falsafa; Filologiya; Pedagogika; Psixologiya; Sotsiologiya; Siyosiy,D,2025-01-01,,Jizzax,ЎзМУ Жиззах филиали
,O‘zbekiston iqtisodiy axborotnomasi,Iqtisodiyot; Geografiya,D,2019-01-01,,Toshkent,Иқтисодиёт ва саноат вазирлиги
,Экономическое обозрение,Iqtisodiyot,D,2019-01-01,,Toshkent,Иқтисодий тадқиқотлар маркази
,BiznesЭксперт,Iqtisodiyot,D,2019-01-01,,Toshkent,«Бизнес-Daily Медиа»
,"Bozor, Pul va Kredit",Iqtisodiyot,D,2017-01-01,,Toshkent,Ўзбекистон Миллий банки
,Иқтисодиёт ва инновацион технологиялар,Iqtisodiyot,D,2019-01-01,,Toshkent,ТДИУ
,Иқтисодиёт ва таълим,Iqtisodiyot,D,2019-01-01,,Toshkent,ТДИУ
,Молия,Iqtisodiyot,D,2019-01-01,,Toshkent,Тошкент молия институти
,Молиячи маълумотномаси,Iqtisodiyot,D,2019-01-01,,Toshkent,Молия вазирлиги
,Молия ва банк иши,Iqtisodiyot,D,2019-01-01,,Toshkent,Банк-молия академияси
,Иқтисодиёт ва молия,Iqtisodiyot,D,2019-01-01,,Toshkent,ТДИУ тадқиqot маркази
,Ҳалқаро молия ва ҳисоб электрон журнали,Iqtisodiyot,D,2019-01-01,,Toshkent,Тошкент молия институти
,Servis,Iqtisodiyot,D,2019-01-01,,Samarqand,Самарқанд иқтисодиёт ва сервис институти
,Agroiqtisodiyot,Iqtisodiyot,D,2019-01-01,,Toshkent,Қишлоқ хўжалиги иқтисодиёти ИТИ
,Аудит и финансовый анализ,Iqtisodiyot,C,2019-01-01,,Rossiya,«АРЗИ»
,Аудитор,Iqtisodiyot,C,2019-01-01,,Rossiya,«АУДИТОР»
,Банковское дело,Iqtisodiyot,C,2019-01-01,,Rossiya,«Информ-банк»
,Вестник Института экономики РАН,Iqtisodiyot,C,2019-01-01,,Rossiya,Институт экономики РАН
,Вестник МГИМО – Университета,Iqtisodiyot; Yuridik; Siyosiy,C,2019-01-01,,Rossiya,МГИМО
,Вестник РЭУ им. Плеханова,Iqtisodiyot,C,2019-01-01,,Rossiya,РЭУ им. Плеханова
,Вестник Финансового университета,Iqtisodiyot,C,2019-01-01,,Rossiya,Финансовый университет при Правительстве РФ
,Вопросы статистики,Iqtisodiyot,C,2019-01-01,,Rossiya,«Статистика России»
,Вопросы экономики,Iqtisodiyot,C,2019-01-01,,Rossiya,Институт экономики РАН
,Деньги и кредит,Iqtisodiyot,C,2019-01-01,,Rossiya,ЦБ РФ
,Инновации и инвестиции,Iqtisodiyot,C,2019-01-01,,Rossiya,Институт проблем рынка РАН
,Маркетинг в России и за рубежом,Iqtisodiyot,C,2019-01-01,,Rossiya,«Финпресс»
,Международный бухгалтерский учет,Iqtisodiyot,C,2019-01-01,,Rossiya,«Финансы и кредит» РАН
,Микроэкономика,Iqtisodiyot,C,2019-01-01,,Rossiya,ИСЭПН
,Мировая экономика и политика,Iqtisodiyot; Siyosiy,C,2019-01-01,,Rossiya,«Росинформнаука»
,Мировое и национальное хозяйство,Iqtisodiyot,C,2019-01-01,,Rossiya,МГИМО
,Народонаселение,Iqtisodiyot; Geografiya,C,2019-01-01,,Rossiya,ИСЭПН
,Наука и практика,Iqtisodiyot,C,2019-01-01,,Rossiya,РЭУ им. Плеханова
,Общество и экономика,Iqtisodiyot,C,2019-01-01,,Rossiya,Международная ассоциация академий наук
,Проблемы современной экономики,Iqtisodiyot,C,2019-01-01,,Rossiya,СПб экономический университет
,Региональная экономика: теория и практика,Iqtisodiyot,C,2019-01-01,,Rossiya,«Финансы и кредит»
,Российский журнал менеджмента,Iqtisodiyot,C,2019-01-01,,Rossiya,СПбГУ
,Российский экономический журнал,Iqtisodiyot,C,2019-01-01,,Rossiya,Академия менеджмента и бизнес-администрирования
,Таможенное дело,Iqtisodiyot,C,2019-01-01,,Rossiya,ИГ «Юрист»
,Финансовый менеджмент,Iqtisodiyot,C,2019-01-01,,Rossiya,«Финпресс»
,Человеческий капитал и профессиональное образование,Iqtisodiyot,C,2019-01-01,,Rossiya,РЭУ им. Плеханова
,ЭКО,Iqtisodiyot,C,2019-01-01,,Rossiya,СО РАН
,Экономика и предпринимательство,Iqtisodiyot,C,2019-01-01,,Rossiya,Минобрнауки РФ
,"Экономика, статистика и информатика",Iqtisodiyot,C,2019-01-01,,Rossiya,МЭСИ
,Экономико-математические методы,Iqtisodiyot,C,2019-01-01,,Rossiya,ЦЭМИ РАН
,Экономист,Iqtisodiyot,C,2019-01-01,,Rossiya,Минэкономразвития РФ
,Экономическая наука современной России,Iqtisodiyot,C,2019-01-01,,Rossiya,ЦЭМИ РАН
,Экономический анализ: теория и практика,Iqtisodiyot,C,2019-01-01,,Rossiya,«Финансы и кредит»
,Экономический бюллетень НИЭИ,Iqtisodiyot,C,2019-01-01,,Belarus,НИЭИ
,Экономическое возрождение России,Iqtisodiyot,C,2019-01-01,,Rossiya,Институт проблем экономического возрождения
,Вестник Российской таможенной академии,Iqtisodiyot,C,2019-01-01,,Rossiya,Российская таможенная академия
,Проблемы рыночной экономики,Iqtisodiyot,C,2019-01-01,,Rossiya,Институт проблем рынка РАН
,Проблемы теории и практики управления,Iqtisodiyot,C,2019-01-01,,Rossiya,МНИИ проблем управления
,Региональные проблемы преобразования экономики,Iqtisodiyot,C,2019-01-01,,Rossiya,ИСЭИ ДНЦ РАН
,Российский внешнеэкономический вестник,Iqtisodiyot,C,2019-01-01,,Rossiya,Всероссийская академия внешней торговли
,Applied Mathematical Finance,Iqtisodiyot,C,2019-01-01,,Great Britain,Routledge
,Bancaria,Iqtisodiyot,C,2019-01-01,,Italy,Italian Banking Association
,Europe-Asia Studies,Iqtisodiyot,C,2019-01-01,,Great Britain,Routledge
,Gestion et Finances Publiques,Iqtisodiyot,C,2019-01-01,,France,Gestion et Finances Publiques
,International Journal of Management and Decision Making,Iqtisodiyot,C,2019-01-01,,Great Britain,Inderscience
,International Journal of Risk Assessment and Management,Iqtisodiyot,C,2019-01-01,,Great Britain,Inderscience
,Journal of Economic Theory,Iqtisodiyot,C,2019-01-01,,Netherlands,Elsevier
,Journal of Marketing for Higher Education,Iqtisodiyot,C,2019-01-01,,Great Britain,Routledge
,Scandinavian Journal of Economics,Iqtisodiyot,C,2019-01-01,,Sweden,Wiley-Blackwell
,The Eastern Economic Journal,Iqtisodiyot,C,2019-01-01,,Great Britain,Palgrave Macmillan
,The Economic Journal,Iqtisodiyot,C,2019-01-01,,Great Britain,Wiley-Blackwell
,American Journal of Finance and Accounting,Iqtisodiyot,C,2019-01-01,,The USA,Inderscience
,Econometrika,Iqtisodiyot,C,2019-01-01,,The USA,Wiley-Blackwell
,Farm and business,Iqtisodiyot,C,2019-01-01,,The USA,Caribbean Agro-Economic Society
,Foundations and Trends in Marketing,Iqtisodiyot,C,2019-01-01,,The USA,Now publishers
,International Journal of Accounting and Finance,Iqtisodiyot,C,2019-01-01,,Kanada,Inderscience
,International Journal of Decision Support System Technology,Iqtisodiyot,C,2019-01-01,,The USA,IGI Global
,International Journal of economics and accounting,Iqtisodiyot,C,2019-01-01,,The USA,Inderscience
,International Journal of Environmental Policy and Decision Making,Iqtisodiyot,C,2019-01-01,,The USA,Inderscience
,International Journal of Financial Markets and Derivatives,Iqtisodiyot,C,2019-01-01,,The USA,Inderscience
,International Journal of Modelling and Simulation,Iqtisodiyot,C,2019-01-01,,Kanada,ACTA Press
,"Journal of Money, Credit and Banking",Iqtisodiyot,C,2019-01-01,,The USA,Wiley-Blackwell
,Kyklos,Iqtisodiyot,C,2019-01-01,,The USA,Wiley-Blackwell
,Risk Management and Insurance Review,Iqtisodiyot,C,2019-01-01,,The USA,American Risk and Insurance Association
,Southern Economic Journal,Iqtisodiyot,C,2019-01-01,,The USA,Southern Economic Association
,The American Economic Review,Iqtisodiyot,C,2019-01-01,,The USA,American Economic Association
,The Quarterly Journal of Economic,Iqtisodiyot,C,2019-01-01,,The USA,Oxford University Press
,The World Bank Economic Review,Iqtisodiyot,C,2019-01-01,,The USA,Oxford University Press
,Asiapacific journal of accounting and economics,Iqtisodiyot,C,2019-01-01,,Xitoy,Taylor&Francis
,China Finance Review International,Iqtisodiyot,C,2019-01-01,,Xitoy,Emerald Group Publishing
,Finance,Iqtisodiyot,C,2019-01-01,,India,Indian Institute of Finance
,International Economic Journal,Iqtisodiyot,C,2019-01-01,,South Korea,Korea International Economic Association
,International Journal of Information Technology & Decision Making,Iqtisodiyot,C,2019-01-01,,Singapur,World Scientific
,Journal of Management Value & Ethics,Iqtisodiyot,C,2019-01-01,,India,Gwalior-M.P.
,Journal of Economics and Management,Iqtisodiyot,C,2019-01-01,,Tayvan,Feng Chia University
,Korean Journal of Tourism Research,Iqtisodiyot,C,2019-01-01,,South Korea,Korean academic society of Tourism management
,The Indian Journal of Economics,Iqtisodiyot,C,2019-01-01,,India,Indian Economic Association
,Meditari Accountancy Research,Iqtisodiyot,C,2019-01-01,,South Africa,Emerald Group Publishing
,Иқтисодиёт: таҳлиллар ва прогнозлар,Iqtisodiyot,D,2019-01-01,,Toshkent,Иқтисодиёт ва саноат вазирлиги
,Ўзбекистон статистика ахборотномаси,Iqtisodiyot,D,2020-01-01,,Toshkent,Давлат статистика қўмитаси
,Ўзбекистон божхона ахборотномаси,Iqtisodiyot; Yuridik,D,2022-01-01,,Toshkent,Божхона институти
,Молиявий технологиялар,Iqtisodiyot,D,2023-01-01,,Toshkent,Тошкент молия институти
,Иқтисодий тараққиёт ва таҳлил,Iqtisodiyot,D,2023-01-01,,Toshkent,Иқтисодиётни ривожлантириш маркази
,Актуар молия ва бухгалтерия ҳисоби,Iqtisodiyot,D,2024-01-01,,Toshkent,ТДИУ
,"Диалог: политика, право, экономика",Iqtisodiyot; Yuridik; Sotsiologiya; Siyosiy,D,2024-01-01,,Sankt-Peterburg,МДҲ Парламентлараро Ассамблеяси
,Pioneering Studies and Theories,Iqtisodiyot,D,2025-01-01,,Toshkent,Халқаро Нордик университети
,Фан ва таълимдаги замонавий тадқиқотлар,Iqtisodiyot,D,2025-01-01,,Toshkent,Урганч Ранч технология университети
,International Journal of Finance and Digitalization,Iqtisodiyot,D,2025-01-01,,Toshkent,ТДИУ
,Молия ва интеллектуал технологиялар,Iqtisodiyot,D,2026-01-01,,Toshkent,Тошкент халқаро молиявий бошқарув университети
,Яшил иқтисодиёт ва тараққиёт,Iqtisodiyot,D,2023-01-01,,Toshkent,ТДИУ
,Тизимли тадқиqotlar / System studies,Iqtisodiyot; Yuridik; Psixologiya; Harbiy,D,2020-01-01,,Toshkent,Стратегик таҳлил олий мактаби
,Солиқ ва ҳаёт,Iqtisodiyot,D,2022-01-01,,Toshkent,Фискал институт
,Ўзбекистонда олий таълим,Iqtisodiyot; Filologiya; Yuridik; Pedagogika; Siyosiy,D,2022-01-01,,Toshkent,Олий ва ўрта махсус таълим вазирлиги
,Ўзбекистон терговчиси,Iqtisodiyot; Yuridik; Psixologiya; Sotsiologiya,D,2023-01-01,,Toshkent,Ҳуқуқни муҳофаза қилиш академияси
,Меҳнат иқтисодиёти ва инсон капитали,Iqtisodiyot,D,2023-01-01,,Toshkent,ТДИУ
,Янги Ўзбекистон иқтисодиёти,Iqtisodiyot,D,2023-01-01,,Toshkent,ЎзМУ
,Инсон капитали ва ижтимоий ривожлантириш,Iqtisodiyot,D,2023-01-01,,Samarqand,СамДУ
,Ўзбекистон суғурта бозори,Iqtisodiyot,D,2023-01-01,,Toshkent,ТДИУ
,Рақамли иқтисодиёт ва ахборот технологиялари,Iqtisodiyot,D,2023-01-01,,Toshkent,ТДИУ
,«Молиявий ва иқтисодий барқарорлик»,Iqtisodiyot,D,2023-01-01,,Toshkent,Тошкент Кимё халқаро университети
,Нордик,Iqtisodiyot; Pedagogika,D,2024-01-01,,Toshkent,Халқаро Нордик университети
,Central Asian Journal of innovations on Tourism Management and Finance,Iqtisodiyot,C,2024-01-01,,Ispaniya,-
,Academic Journal of Digital Economics and Stability,Iqtisodiyot,C,2024-01-01,,Ispaniya,-
,American Journal of Economics and Business Management,Iqtisodiyot,C,2024-01-01,,USA,Global Research Network
,American Journal of Social and Humanitarian Research,Iqtisodiyot,C,2024-01-01,,USA,Global Research Network
,Academia Open,Iqtisodiyot,C,2024-01-01,,Indoneziya,Academia Open
,"Management, Marketing and Finance",Iqtisodiyot,D,2024-01-01,,Toshkent,Сингапур Менежментни ривожлантириш институти
,Marketing,Iqtisodiyot,D,2024-01-01,,Toshkent,ТДИУ
,Илғор иқтисодиёт ва педагогик технологиялар,Iqtisodiyot; Pedagogika,D,2024-01-01,,Toshkent,ТДИУ тадқиqot маркази
,Innovations in Science and Technologies,Iqtisodiyot,D,2024-01-01,,Toshkent,ТДИУ
,"Молия, пул ва кредит",Iqtisodiyot,D,2025-01-01,,Toshkent,ТДИУ
,TISU ilmiy tadqiqotlari xabarnomasi,Iqtisodiyot,D,2025-01-01,,Termiz,Термиз иқтисодиёт ва сервис университети
,"Иқтисод, менежмент ва пул",Iqtisodiyot,D,2025-01-01,,Toshkent,Oriental университети
,Глобал иқтисодиёт ва тараққиёт,Iqtisodiyot,D,2025-01-01,,Namangan,Наманган давлат техника университети
,Фалсафа ва ҳуқуқ,Falsafa; Yuridik; Sotsiologiya; Siyosiy; Islomshunoslik,D,2019-01-01,,Toshkent,ЎзМУ
,Falsafa va hayot,Falsafa,D,2019-01-01,,Toshkent,Имом Бухорий халқаро маркази
,Вестник Российского философского общества,Falsafa; Islomshunoslik,C,2019-01-01,,Rossiya,Российское философское общество
,Вестник СПбГУ,Falsafa; Islomshunoslik,C,2019-01-01,,Rossiya,СПбГУ
,Вопросы философии,Falsafa; Islomshunoslik,C,2019-01-01,,Rossiya,РАН
,Философские науки,Falsafa; Islomshunoslik,C,2019-01-01,,Rossiya,Академия гуманитарных исследований
,Философский журнал,Falsafa; Islomshunoslik,C,2019-01-01,,Rossiya,Институт философии РАН
,Конфликтология,Falsafa,C,2019-01-01,,Rossiya,Фонд развития конфликтологии
,Al-Farabi,Falsafa,C,2019-01-01,,Qozogʻiston,Институт философии Казахстана
,Историческая психология и социология истории,Falsafa,C,2019-01-01,,Rossiya,«Учитель»
,"Известия института Философии, политологии и права",Falsafa,C,2019-01-01,,Tojikiston,АН Таджикистана
,Мирас,Falsafa,C,2019-01-01,,Turkmaniston,Национальный институт рукописей
,Интернет-журнал ВАК Кыргызской Республики,Falsafa,C,2019-01-01,,Qirgʻiziston,Президиум ВАК КР
,Acta Analytical,Falsafa; Islomshunoslik,C,2019-01-01,,Netherlands,University of Maribor
,Archives de philosophie,Falsafa; Islomshunoslik,C,2019-01-01,,France,Archives de Philosophie
,European Journal of Philosophy,Falsafa,C,2019-01-01,,Great Britain,"Oxford, Wiley & Sons"
,International Journal of Philosophical Studies,Falsafa,C,2019-01-01,,Great Britain,Taylor&Francis
,Philosophy and Phenomenological Research,Falsafa,C,2019-01-01,,Great Britain,John Wiley & Sons
,Polis,Falsafa; Islomshunoslik,C,2019-01-01,,Great Britain,Imprint Academic
,Ratio,Falsafa; Islomshunoslik,C,2019-01-01,,Great Britain,"Oxford, Wiley & Sons"
,The British Journal for the Philosophy of Science,Falsafa; Islomshunoslik,C,2019-01-01,,Great Britain,Oxford University Press
,Theological Studies,Falsafa; Islomshunoslik,C,2019-01-01,,Netherlands,Pretoria University
,Asian Philosophy,Falsafa; Islomshunoslik,C,2019-01-01,,The USA,"Harvard, Taylor & Francis"
,Canadian Journal of Philosophy,Falsafa; Islomshunoslik,C,2019-01-01,,Kanada,SSHRC
,Ethics,Falsafa; Islomshunoslik,C,2019-01-01,,The USA,University of Chicago Press
,Harvard Review of Philosophy,Falsafa; Islomshunoslik,C,2019-01-01,,The USA,Harvard University
,Journal of the American Philosophical Association,Falsafa; Filologiya; Islomshunoslik,C,2019-01-01,,The USA,University of Delaware
,Midwest Studies in Philosophy,Falsafa; Islomshunoslik,C,2019-01-01,,The USA,Blackwell Publishing
,Philosophical Topics,Falsafa; Islomshunoslik,C,2019-01-01,,The USA,University of Arkansas Press
,The Monist,Falsafa; Islomshunoslik,C,2019-01-01,,The USA,Hegeler Institute
,Журнал ренессанса ЦА,Falsafa; Filologiya; San’atshunoslik,D,2022-01-01,,Toshkent,ЎзМУ
,Малака ошириш институти Ахборотномаси,Falsafa; Siyosiy,D,2024-01-01,,Toshkent,ИИВ
,ISFT,Falsafa; Pedagogika; Psixologiya; Siyosiy,D,2025-01-01,,Toshkent,International School of Finance Technology And Science
,Jahon adabiyoti,Filologiya; San’atshunoslik,D,2019-01-01,,Toshkent,Ёзувчилар уюшмаси
,O‘zbekiston matbuoti,Filologiya,D,2019-01-01,,Toshkent,Матбуот воситалари жамоат фонди
,Til va adabiyot ta’limi,Filologiya; Pedagogika,D,2019-01-01,,Toshkent,Халқ таълими вазирлиги
,"Хорижий филология: тил, адабиёт, таълим",Filologiya; Pedagogika,D,2019-01-01,,Samarqand,СамДЧТИ
,Ўзбек тили ва адабиёти,Filologiya,D,2019-01-01,,Toshkent,"Тил, адабиёт ва фольклор институти"
,Ўзбекистонда хорижий тиллар,Filologiya; Pedagogika,D,2019-01-01,,Toshkent,ЎзДЖТУ
,Филология масалалари,Filologiya; Pedagogika,D,2019-01-01,,Toshkent,ЎзДЖТУ
,Шарқ юлдузи,Filologiya; San’atshunoslik,D,2019-01-01,,Toshkent,Ёзувчилар уюшмаси
,Active Learning and Teaching of Foreign Languages in Uzbekistan,Filologiya,D,2019-01-01,,Toshkent,Тошкент Вестминстр университети
,Journal of Word Art,Filologiya; San’atshunoslik,D,2019-01-01,,Toshkent,СамДУ
,Oltin bitiklar,Filologiya,D,2019-01-01,,Toshkent,ТДЎТАУ
,Вестник БГУ: Филология. Журналистика. Педагогика,Filologiya,C,2019-01-01,,Belarus,БГУ
,Вестник МГОУ: Лингвистика,Filologiya,C,2019-01-01,,Rossiya,МГОУ
,Вестник МГЛУ,Filologiya,C,2019-01-01,,Rossiya,МГЛУ
,Вестник МГУ: Журналистика,Filologiya,C,2019-01-01,,Rossiya,МГУ
,Вестник МГУ: Востоковедение,Filologiya; Siyosiy,C,2019-01-01,,Rossiya,МГУ
,Вестник МГУ: Филология,Filologiya,C,2019-01-01,,Rossiya,МГУ
,Вестник Московского гуманитарного университета,Filologiya; Siyosiy,C,2019-01-01,,Rossiya,МосГУ
,Вестник РУДН: Теория языка,Filologiya,C,2019-01-01,,Rossiya,РУДН
,Вестник СПбГУ: Филология,Filologiya,C,2019-01-01,,Rossiya,СПбГУ
,Вестник Челябинского государственного университета,Filologiya; Siyosiy,C,2019-01-01,,Rossiya,ЧелГУ
,Вопросы филологии,Filologiya,C,2019-01-01,,Rossiya,Институт языкознания РАН
,Вопросы языкознания,Filologiya,C,2019-01-01,,Rossiya,Институт русского языка РАН
,Известия РАН: Литература и язык,Filologiya,C,2019-01-01,,Rossiya,"МАИК, Pleiades Publishing"
,Русский язык за рубежом,Filologiya,C,2019-01-01,,Rossiya,МАПРЯЛ
,Вестник Таджикского национального университета,Filologiya,C,2019-01-01,,Tojikiston,ТНУ
,Известия АН Республики Таджикистан: Литература и язык,Filologiya,C,2019-01-01,,Tojikiston,АН Таджикистана
,CentralAsiatic Journal,Filologiya; Siyosiy,C,2019-01-01,,Germany,Harrassowitz Verlag
,English Language Research Journal,Filologiya,C,2019-01-01,,Great Britain,University of Birmingham
,Iberia,Filologiya,C,2019-01-01,,Spain,Universidad de Sevilla
,Lexis: eJournal in English Lexicology,Filologiya,C,2019-01-01,,France,Université Jean Moulin
,Turkic Languages,Filologiya,C,2019-01-01,,Germany,Harrassowitz Verlag
,The Journal of Folklore Research,Filologiya,C,2019-01-01,,The USA,Indiana University
,Beijing shifan daxue,Filologiya,C,2019-01-01,,Xitoy,Beijing Normal University
,Beijing Zhongyang Minzu daxue,Filologiya,C,2019-01-01,,Xitoy,Minzu University of China
,Delhi University Magazine,Filologiya,C,2019-01-01,,India,Delhi University
,Dil ve Edebiyat Araştırmalar,Filologiya,C,2019-01-01,,Turkey,Turkiye Dil ve Edebiyat Derengi
,Dravidian Studies,Filologiya,C,2019-01-01,,India,Dravidian Linguistics Association
,Foreign Literature Studies,Filologiya,C,2019-01-01,,South Korea,Korean Institute of Foreign Literature Studies
,Gagan Anchal,Filologiya,C,2019-01-01,,India,Indian Council for Cultural Relations
,International Journal of Asian Studies,Filologiya; Siyosiy,C,2019-01-01,,Japan,University of Tokyo
,International Journal of Dravidian Linguistics,Filologiya,C,2019-01-01,,India,Dravidian Linguistics Association
,JMIU Magazine,Filologiya,C,2019-01-01,,India,Jamia Millia Islamia
,JNU Magazine,Filologiya,C,2019-01-01,,India,Jawaharlal Nehru University
,Journal of Advanced Linguistic Studies,Filologiya,C,2019-01-01,,India,Delhi University Bahri Publications
,Journal of Asian and African Studies,Filologiya; Siyosiy,C,2019-01-01,,Japan,Tokyo University of Foreign Studies
,Journal of Language and Literature Education,Filologiya,C,2019-01-01,,Turkey,Uluslararas Dil ve Edebiyat Egitimi Dergisi
,Journal of Xinjiang University,Filologiya,C,2019-01-01,,Xitoy,Xinjiang University
,Language and Linguistics,Filologiya,C,2019-01-01,,South Korea,Hankuk University of Foreign Studies
,Lanzhou Daxue,Filologiya,C,2019-01-01,,Xitoy,Lanzhou University
,Millî folklor,Filologiya,C,2019-01-01,,Turkey,Millî Folklor
,Shanghai shifan daxue,Filologiya,C,2019-01-01,,Xitoy,Shanghai Normal University
,Studies in Interpretation and Translation,Filologiya,C,2019-01-01,,South Korea,Hankuk University of Foreign Studies
,The Korean Journal of Central Asian & Caucasian Studies,Filologiya,C,2019-01-01,,South Korea,ICAS HUFS
,Türk Dili,Filologiya,C,2019-01-01,,Turkey,Türk Dil Kurumu
,Türk dili ve edebiyatı araştırmaları dergisi,Filologiya,C,2019-01-01,,Turkey,Ordu Üniversitesi
,Turk Dunyasi Incelemeleri Dergisi,Filologiya,C,2019-01-01,,Turkey,Ege Üniversitesi
,Turkish Studies International Periodical,Filologiya,C,2019-01-01,,Turkey,Yıldırım Beyazıt Üniversitesi
,Xinjiang shifan daxue,Filologiya,C,2019-01-01,,Xitoy,Xinjiang Normal University
,«Al-Azhar»,Filologiya; Islomshunoslik,C,2019-01-01,,Misr,Al-Azhar University
,Аttaqaddumul (التقدم العلمي),Filologiya,C,2019-01-01,,Kувайт,Kuwait Foundation for Advancement of the Science
,Zhongguo Keji Shuyu,Filologiya,C,2019-01-01,,Xitoy,Chinese Academy of Sciences
,«نﺎﯿﺒﻟا»,Filologiya,C,2019-01-01,,Kувайт,Адаблар лигаси нашри
,Akhbareurdu,Filologiya,C,2019-01-01,,Pokiston,Muqtadera Qomiy Zebane Islamabad
,Korean Studies,Filologiya,C,2019-01-01,,South Korea,Kangnam University
,Gazi TÜRKIYAT,Filologiya,C,2019-01-01,,Turkey,Türklük Bılımı Araştırmaları Dergısı
,Pashto,Filologiya,C,2019-01-01,,Pokiston,"Pashto Academy, University of Peshawar"
,Aryana,Filologiya,C,2019-01-01,,Afgʻoniston,Academy of Science of Afghanistan
,Khurasan,Filologiya,C,2019-01-01,,Afgʻoniston,Academy of Science of Afghanistan
,Kabul,Filologiya,C,2019-01-01,,Afgʻoniston,Academy of Science of Afghanistan
,Adab,Filologiya,C,2019-01-01,,Afgʻoniston,Kabul University
,Turkologiya,Filologiya; San’atshunoslik,C,2019-01-01,,Baku,Ozarbayjon MFA
,"Тил, таълим ва таржима",Filologiya,D,2020-01-01,,Samarqand,СамДУ
,Айний ворислари,Filologiya,D,2024-01-01,,Toshkent,БухДУ
,XXI аср тилшунослиги: таҳлил ва талқин,Filologiya; Pedagogika,D,2024-01-01,,Toshkent · Navoiy,Навоий ДПИ
,Алишер Навоий,Filologiya,D,2021-01-01,,Samarqand,СамДУ
,"Филологик тадқиқотлар: тил, адабиёт, таълим",Filologiya,D,2022-01-01,,Termiz,ТермДУ
,Марказий Осиёда медиа ва коммуникациялар,Filologiya,D,2023-01-01,,Toshkent,ЎзЖОКУ
,Хорижий лингвистика ва лингводидактика,Filologiya; Pedagogika,D,2023-01-01,,Samarqand,СамДЧТИ
,Бухоро психология ва хорижий тиллар институти ахборотномаси,Filologiya; Pedagogika; Psixologiya,D,2024-01-01,,Buxoro,Бухоро психология ва хорижий тиллар институти
,Ал-Бухорий,Filologiya,D,2024-01-01,,Toshkent,Ориентал университети
,Ўзбекистон олимларининг илмий-амалий тадқиқотлари,Filologiya; Psixologiya,D,2024-01-01,,Urganch,Урганч ДПИ
,Филология ва педагогика,Filologiya; Pedagogika,D,2024-01-01,,Toshkent,Мактабгача ва мактаб таълими давлат кохонаси
,World of Philology,Filologiya,D,2024-01-01,,Farg‘ona,ЎзДСМИ Фарғона филиали
,Komparativistika,Filologiya,D,2025-01-01,,Toshkent,ЎзДЖТУ
,Sharq filologiyasi,Filologiya; Pedagogika,D,2025-01-01,,Toshkent,ЎзМУ
,Science time,Filologiya; Pedagogika,D,2025-01-01,,Nukus,Нукус ДПИ
,"Science, Education and Society – JSES",Filologiya,D,2025-01-01,,Toshkent,Андижон давлат чет тиллари институти
,"""Onomastika"" халқаро электрон илмий журнали",Filologiya,D,2025-01-01,,Qarshi,Қарши ДУ
,Advanced Journal of University Science and Creative Innovations,Filologiya; Pedagogika,D,2026-01-01,,Toshkent,Аджу университети
,Ўзбекистон география жамияти ахбороти,Geografiya,D,2019-01-01,,Toshkent,ЎзМУ
,Водное хозяйство России,Geografiya,C,2019-01-01,,Rossiya,ФГУП РосНИИВХ
,Лёд и снег,Geografiya,C,2019-01-01,,Rossiya,Институт географии РАН
,Проблемы освоения пустынь,Geografiya,C,2019-01-01,,Turkmaniston,Национальный институт пустынь
,Проблемы региональной экологии,Geografiya,C,2019-01-01,,Rossiya,Институт географии РАН
,Социально-экономическая география,Geografiya,C,2019-01-01,,Rossiya,Ассоциация российских географов
,Труды Гидрометцентра России,Geografiya,C,2019-01-01,,Rossiya,Гидрометцентр России
,Учёные записки РГГМУ,Geografiya,C,2019-01-01,,Rossiya,РГГМУ
,Экономика и социум,Geografiya,C,2019-01-01,,Rossiya,Институт управления и социально-экономического развития
,Аридные экосистемы,Geografiya,C,2019-01-01,,Rossiya,Институт водных проблем РАН
,Geoscience,Geografiya,C,2019-01-01,,France,Academie des sciences Paris
,Irrigation and Drainage,Geografiya,C,2019-01-01,,Great Britain,International Commission on irrigation and drainage
,International Journal of Environmental Engineering and Natural Resources,Geografiya,C,2019-01-01,,The USA,Ethan Publishing
,International Journal of Wind and Renewable Energy,Geografiya,C,2019-01-01,,The USA,NISCAIR
,Journal of Meteorological Research,Geografiya,C,2019-01-01,,The USA,Springer
,Nature and Science,Geografiya,C,2019-01-01,,The USA,Marsland Press
,International Journal of Water Resources & Environmental Sciences,Geografiya,C,2019-01-01,,BAA,IDOSI Publications
,Journal of Hydrologic Environment,Geografiya,C,2019-01-01,,South Korea,International Hydrologic Environmental Society
,Markaziy Osiyoda geografik tadqiqotlar,Geografiya,D,2022-01-01,,Chirchiq,ЧДПТИ
,ОшМУ жарчысы/Вестник ОшГУ,Geografiya,C,2024-01-01,,Toshkent,Ошский государственный университет
,Вестник КНУ им. Ж.Баласагына,Geografiya,C,2024-01-01,,Toshkent,КНУ им. Баласагына
,UBS ilmiy axborotnomasi,Geografiya; Pedagogika; Psixologiya; Siyosiy,D,2025-01-01,,Toshkent,University of Business and Science
,Bola va zamon,Yuridik; Pedagogika; Psixologiya,D,2019-01-01,,Toshkent,Болалар ижтимоий мослашуви маркази
,Huquq va burch,Yuridik,D,2019-01-01,,Toshkent,"Адлия вазирлиги, Бош прокуратура"
,Одил судлов – Правосудие,Yuridik,D,2019-01-01,,Toshkent,Олий суд
,Ўзбекистон қонунчилиги таҳлили,Yuridik,D,2019-01-01,,Toshkent,ТДЮУ
,Ўзбекистон Республикаси Олий суди ахборотномаси,Yuridik,D,2019-01-01,,Toshkent,Олий суд
,Бош прокуратура Академияси Ахборотномаси,Yuridik,D,2019-01-01,,Toshkent,Бош прокуратура Академияси
,ИИВ Академиясининг ахборотномаси,Yuridik,D,2019-01-01,,Toshkent,ИИВ Академияси
,Юриспруденция,Yuridik,D,2019-01-01,,Toshkent,ТДЮУ
,Advokat,Yuridik,D,2019-01-01,,Toshkent,Адвокатлар палатаси
,Ҳуқуқий тадқиқотлар,Yuridik,D,2019-01-01,,Toshkent,АКТ вазирлиги
,Юридик фанлар ахборотномаси,Yuridik,D,2019-01-01,,Toshkent,ТДЮУ
,Odillik mezoni,Yuridik,D,2019-01-01,,Toshkent,Судьялар олий мактаби
,Административное право и процесс,Yuridik,C,2019-01-01,,Rossiya,ИГ «Юрист»
,Арбитражный и гражданский процесс,Yuridik,C,2019-01-01,,Rossiya,ИГ «Юрист»
,Вестник Московского университета МВД России,Yuridik,C,2019-01-01,,Rossiya,Университет МВД РФ
,Вестник экономического правосудия РФ,Yuridik,C,2019-01-01,,Rossiya,ИГ «ЗАКОН»
,Вопросы правоведения,Yuridik,C,2019-01-01,,Rossiya,АНО «МИИ»
,Государство и право,Yuridik,C,2019-01-01,,Rossiya,РАН
,Гражданское право,Yuridik,C,2019-01-01,,Rossiya,ИГ «Юрист»
,Журнал зарубежного законодательства и сравнительного правоведения,Yuridik,C,2019-01-01,,Rossiya,Институт законодательства при Правительстве РФ
,Журнал международного частного права,Yuridik,C,2019-01-01,,Rossiya,Российская ассоциация международного права
,Информационное право,Yuridik,C,2019-01-01,,Rossiya,ИГ «Юрист»
,Конституционное и муниципальное право,Yuridik,C,2019-01-01,,Rossiya,ИГ «Юрист»
,Медицинское право,Yuridik,C,2019-01-01,,Rossiya,ИГ «Юрист»
,Международное публичное и частное право,Yuridik,C,2019-01-01,,Rossiya,ИГ «Юрист»
,Налоги,Yuridik,C,2019-01-01,,Rossiya,ИГ «Юрист»
,Наследственное право,Yuridik,C,2019-01-01,,Rossiya,ИГ «Юрист»
,Право и жизнь,Yuridik,C,2019-01-01,,Rossiya,Центр публичного права
,Право интеллектуальной собственности,Yuridik,C,2019-01-01,,Rossiya,ИГ «Юрист»
,Право. Журнал ВШЭ,Yuridik,C,2019-01-01,,Rossiya,НИУ ВШЭ
,Правоведение,Yuridik,C,2019-01-01,,Rossiya,«Юридическая книга»
,Российская юстиция,Yuridik,C,2019-01-01,,Rossiya,Администрация Президента РФ
,Российский следователь,Yuridik,C,2019-01-01,,Rossiya,ИГ «Юрист»
,Российский судья,Yuridik,C,2019-01-01,,Rossiya,ИГ «Юрист»
,Судебная экспертиза,Yuridik,C,2019-01-01,,Rossiya,Волгоградская академия МВД
,Теория и практика судебной экспертизы,Yuridik,C,2019-01-01,,Rossiya,Центр судебной экспертизы Минюста
,Уголовное право,Yuridik,C,2019-01-01,,Rossiya,АНО «Юридические программы»
,Уголовное судопроизводство,Yuridik,C,2019-01-01,,Rossiya,ИГ «Юрист»
,Финансовое право,Yuridik,C,2019-01-01,,Rossiya,ИГ «Юрист»
,Хозяйство и право,Yuridik,C,2019-01-01,,Rossiya,Минюст РФ
,Экологическое право,Yuridik,C,2019-01-01,,Rossiya,ИГ «Юрист»
,Экология и право,Yuridik,C,2019-01-01,,Rossiya,«Беллона»
,Эксперт-криминалист,Yuridik,C,2019-01-01,,Rossiya,ИГ «Юрист»
,Юридическая психология,Yuridik,C,2019-01-01,,Rossiya,ИГ «Юрист»
,Юридический мир,Yuridik,C,2019-01-01,,Rossiya,ИГ «Юрист»
,Юридическое образование и наука,Yuridik,C,2019-01-01,,Rossiya,ИГ «Юрист»
,Юрист,Yuridik,C,2019-01-01,,Rossiya,ИГ «Юрист»
,Закон,Yuridik,C,2019-01-01,,Rossiya,ИГ «Закон»
,Московский журнал международного права,Yuridik,C,2019-01-01,,Rossiya,МГИМО МИД РФ
,Представительная власть – XXI век,Yuridik,C,2019-01-01,,Rossiya,Дипломатическая академия МИД РФ
,Российское правосудие,Yuridik,C,2019-01-01,,Rossiya,Верховный суд РФ
,Журнал юридических исследований,Yuridik,C,2019-01-01,,Rossiya,«ИНФРА-М»
,Журнал российского права,Yuridik,C,2019-01-01,,Rossiya,Издательство «Норма»
,Asian Journal of International Law,Yuridik,C,2019-01-01,,Great Britain,Cambridge University Press
,Edinburgh Law Review,Yuridik,C,2019-01-01,,Great Britain,Edinburgh University Press
,Erasmus Law and Economics Review,Yuridik,C,2019-01-01,,Italy,Erasmus Program
,European Intellectual Property Review,Yuridik,C,2019-01-01,,Great Britain,Thomson Reuters
,European Journal of International Law,Yuridik,C,2019-01-01,,Great Britain,Oxford University Press
,European Labour Law Journal,Yuridik,C,2019-01-01,,Belgiya,University of Leuven
,Göttingen Journal of International Law,Yuridik,C,2019-01-01,,Germany,Göttingen University
,Journal of Information Law and Technology,Yuridik,C,2019-01-01,,Great Britain,Warwick and Strathclyde
,Journal of Intellectual Property Law & Practice,Yuridik,C,2019-01-01,,Great Britain,Oxford University Press
,New England Law Review,Yuridik,C,2019-01-01,,The USA,New England School of Law
,OECD Journal of Competition Law and Policy,Yuridik,C,2019-01-01,,France,OECD
,The Cambridge Law Journal,Yuridik,C,2019-01-01,,Great Britain,University of Cambridge
,The Journal of Media Law,Yuridik,C,2019-01-01,,Great Britain,"Hart Publishing, Oxford"
,Wettbewerb in Recht und Praxis,Yuridik,C,2019-01-01,,Germany,Deutscher Fachverlag
,Alberta Law Review,Yuridik,C,2019-01-01,,Kanada,University of Alberta
,Columbia Business Law Review,Yuridik,C,2019-01-01,,The USA,Columbia University Press
,Harvard International Law Journal,Yuridik,C,2019-01-01,,The USA,Harvard University Press
,New York University Law Review,Yuridik,C,2019-01-01,,The USA,New York University
,The German Law Journal,Yuridik,C,2019-01-01,,The USA,Washington & Lee University
,The Cardozo Law Review,Yuridik,C,2019-01-01,,The USA,Cardozo Law Review
,University of Toronto Law Journal,Yuridik,C,2019-01-01,,Kanada,University of Toronto Press
,Japanese Yearbook of International Law,Yuridik,C,2019-01-01,,Japan,ILA Japan Branch
,Kobe University Law Review,Yuridik,C,2019-01-01,,Japan,Kobe University
,Osaka University Law Review,Yuridik,C,2019-01-01,,Japan,Osaka University
,The Nagoya Journal of Law and Politics,Yuridik,C,2019-01-01,,Japan,Nagoya University
,"Trade, Law and Development",Yuridik,C,2019-01-01,,India,"National Law University, Jodhpur"
,Юрист ахборотномаси,Yuridik,D,2020-01-01,,Toshkent,Адлия вазирлиги
,Қонунчилик муаммолари ахборотномаси,Yuridik; Siyosiy,D,2021-01-01,,Toshkent,Парламент тадқиqot институти
,Жамоат хавфсизлиги,Yuridik,D,2021-01-01,,Toshkent,Жамоат хавфсизлиги университети
,Тергов амалиёти,Yuridik,D,2021-01-01,,Toshkent,ИИВ Академияси
,Ўзбекистон суд-экспертизаси,Yuridik; Siyosiy,D,2022-01-01,,Toshkent,Республика суд экспертизаси маркази
,Одил судлов (электрон журнал),Yuridik,D,2022-01-01,,Toshkent,Олий суд
,Huquq va burch / Право и долг,Yuridik,D,2025-01-01,,Toshkent,«Adolat» миллий ҳуқуқий ахборот маркази
,ОАК Академияси Ахборотномаси (прокуратура),Yuridik,D,2022-01-01,,Toshkent,ОАК Академияси
,Ҳуқуқий олам / Legal world,Yuridik,D,2023-01-01,,Toshkent,ИИВ Академияси
,Криминология ва жиноий одил судлов,Yuridik,D,2023-01-01,,Toshkent,ТДЮУ
,Парламент тадқиqot ахборотномаси,Yuridik,D,2023-01-01,,Toshkent,Парламент тадқиqot институти
,Ҳуқуқни муҳофаза қилиш академияси Ахборотномаси,Yuridik,D,2023-01-01,,Toshkent,Ҳуқуқни муҳофаза қилиш Академияси
,The Uzbek Journal of Law and Digital Policy,Yuridik,D,2024-01-01,,Toshkent,ТДЮУ
,"Fizika, matematika vа informatika",Pedagogika,D,2019-01-01,,Toshkent,Педагогика фанлари ИТИ
,Pedagogikа,Pedagogika,D,2019-01-01,,Toshkent,ТДПУ
,Uzluksiz ta’lim,Pedagogika; Psixologiya,D,2019-01-01,,Toshkent,Педагогика фанлари ИТИ
,Замонавий таълим,Pedagogika; Psixologiya,D,2019-01-01,,Toshkent,Тошкент вилояти малака ошириш институти
,Психология,Pedagogika; Psixologiya,D,2019-01-01,,Buxoro,БухДУ
,Фан спортга,Pedagogika,D,2019-01-01,,Toshkent,Жисмоний тарбия институти
,Халқ таълими,Pedagogika,D,2019-01-01,,Toshkent,Халқ таълими вазирлиги
,Kasbhunar ta’limi,Pedagogika,D,2019-01-01,,Toshkent,Касб-ҳунар таълими малака ошириш институти
,Муғаллим ҳәм үзлуксиз билимлендириў,Pedagogika,D,2019-01-01,,Nukus,Педагогика фанлари ИТИ Қорақалпоғистон филиали
,Педагогик маҳорат,Pedagogika; Psixologiya,D,2019-01-01,,Buxoro,БухДУ
,Ахборотнома,Pedagogika,D,2019-01-01,,Toshkent,Давлат тест маркази
,Адаптивная физическая культура,Pedagogika,C,2019-01-01,,Rossiya,НГУ физической культуры и спорта
,Биология в школе,Pedagogika,C,2019-01-01,,Rossiya,Минобрнауки РФ
,Вестник МГУ: Педагогическое образование,Pedagogika,C,2019-01-01,,Rossiya,МГУ
,Вестник спортивной науки,Pedagogika,C,2019-01-01,,Rossiya,ВНИИФК
,Вопросы образования,Pedagogika; Psixologiya,C,2019-01-01,,Rossiya,НИУ ВШЭ
,Иностранные языки в школе,Pedagogika,C,2019-01-01,,Rossiya,Минобрнауки РФ
,Информатика и образование,Pedagogika,C,2019-01-01,,Rossiya,Российская Академия образования
,Математика в школе,Pedagogika,C,2019-01-01,,Rossiya,Минобрнауки РФ
,Мир образования – образование в мире,Pedagogika; Psixologiya,C,2019-01-01,,Rossiya,Московский психолого-социальный институт
,Начальная школа,Pedagogika; Psixologiya,C,2019-01-01,,Rossiya,Минобрнауки РФ
,Педагогика,Pedagogika; Psixologiya,D,2019-01-01,,Rossiya · Toshkent,"Российская Академия образования, ТДПУ"
,Педагогическое образование и наука,Pedagogika; Psixologiya,C,2019-01-01,,Rossiya,МАНПО
,Преподаватель ХXI века,Pedagogika; Psixologiya,C,2019-01-01,,Rossiya,Московский педагогический университет
,Проблемы современного образования,Pedagogika; Psixologiya,C,2019-01-01,,Rossiya,Российская Академия образования
,Ученые записки университета им. Лесгафта,Pedagogika,C,2019-01-01,,Rossiya,НГУ физической культуры
,Физика в школе,Pedagogika,C,2019-01-01,,Rossiya,Минобрнауки РФ
,Физическая культура,Pedagogika,C,2019-01-01,,Rossiya,РГУФКСМиТ
,"Физическая культура: воспитание, образование, тренировка",Pedagogika,C,2019-01-01,,Rossiya,РГУФКСМиТ
,Химия в школе,Pedagogika,C,2019-01-01,,Rossiya,Российская Академия образования
,Школа будущего,Pedagogika; Psixologiya,C,2019-01-01,,Rossiya,Комитет развития педагогических технологий
,Среднее профессиональное образование,Pedagogika; Psixologiya,C,2019-01-01,,Rossiya,"Российская академия образования, Союз директоров Вузов России"
,European Educational Research Journal,Pedagogika; Psixologiya; Siyosiy,C,2019-01-01,,Great Britain,European Educational Research Association
,European Journal of Research and Reflection in Educational Sciences,Pedagogika,C,2019-01-01,,Great Britain,Progressive Academic Publishing
,Journal of Psychology of Education,Pedagogika,C,2019-01-01,,France,Springer
,Journal of the European Higher Education Area,Pedagogika; Psixologiya,C,2019-01-01,,Germany,Raabe academic publishers
,"The hospitality, leisure, sport & tourism network",Pedagogika,C,2019-01-01,,Great Britain,The Higher Education Academy
,Journal of Exercise Physiology,Pedagogika; Tibbiyot; Psixologiya,C,2019-01-01,,The USA,American Society of Exercise Physiology
,The Journal of the Scholarship of Teaching and Learning,Pedagogika; Psixologiya,C,2019-01-01,,The USA,Indiana University
,Мактабгача таълим методикаси ва назарияси,Pedagogika,D,2021-01-01,,Toshkent,МТМ РТИ
,Электрон таълим,Pedagogika,D,2022-01-01,,Navoiy,Навоий ДПТИ
,ИИВ Академияси Ахборотномаси,Pedagogika; Psixologiya,D,2024-01-01,,Toshkent,ИИВ Академияси
,Замонавий жамият ва инновациялар,Pedagogika; Psixologiya,D,2025-01-01,,Toshkent,БухДУ
,"Жисмоний маданият: тарбия, таълим, машғулот",Pedagogika,D,2023-01-01,,Toshkent,ЎзМУ
,Спортда илмий тадқиқотлар,Pedagogika; Psixologiya,D,2022-01-01,,Toshkent,Ўзбекистон давлат ЖТСУ
,Ўзбекистонда профессионал таълим,Pedagogika,D,2023-01-01,,Toshkent,Проф.таълим бошқарув институти
,Белорус-Ўзбекистон илмий-методик журнали,Pedagogika,D,2023-01-01,,Toshkent,Белорус-Ўзбекистон қўшма институти
,Inter education & global study,Pedagogika; San’atshunoslik; Psixologiya,D,2024-01-01,,Buxoro,БухДПИ
,Жисмоний тарбия ва спорт ахборотномаси,Pedagogika,D,2023-01-01,,Nukus,ЎзДЖТСУ Нукус филиали
,АДПИ Илмий хабарномаси,Pedagogika,D,2024-01-01,,Toshkent,Андижон ДПИ
,Спорт илм-фаннинг долзарб муаммолари,Pedagogika,D,2024-01-01,,Toshkent,Жисмоний тарбия ва спорт институти
,Таълимда истиқболли изланишлар,Pedagogika; Psixologiya,D,2024-01-01,,Buxoro,БухДУ
,Бадиий таълим ва педагогика,Pedagogika; San’atshunoslik,D,2024-01-01,,Toshkent,Бадиий таълим маркази
,Сайҳун илмий ахборотномаси,Pedagogika,D,2024-01-01,,Guliston,Гулистон ДПИ
,Осиё халқаро университети ахборотномаси,Pedagogika; Psixologiya,D,2024-01-01,,Toshkent,Осиё халқаро университети
,Мактабгача ва мактаб таълими,Pedagogika; Psixologiya,D,2024-01-01,,Toshkent,ТДПУ
,"Халқ таълими: муаммолар, изланишлар, ечимлар",Pedagogika,D,2024-01-01,,Toshkent,А.Авлоний институти
,Таълим ва тараққиёт,Pedagogika,D,2024-01-01,,Namangan,Наманган ДПИ
,Фарғона методика мактаби,Pedagogika,D,2025-01-01,,Farg‘ona,ФарДУ
,Илм-фан ва технологиялар,Pedagogika,D,2025-01-01,,Buxoro,БухДУ
,Central Asian journal of sports antropology and health science,Pedagogika,D,2025-01-01,,Toshkent,Спорт вазирлиги
,Fan va ta’lim yangiliklari,Pedagogika; Psixologiya,D,2025-01-01,,Toshkent,PROFI университети
,Innovative Pedagogy and Psychology,Pedagogika; Psixologiya,D,2025-01-01,,Toshkent,Ориентал университети
,Yoshlar va ilm-fan,Pedagogika; Psixologiya,D,2025-01-01,,Toshkent,"Олий таълим, фан ва инновациялар вазирлиги"
,ФВВ Академияси Ахборотномаси,Pedagogika,D,2026-01-01,,Toshkent,ФВВ Академияси
,Dermаtovenerologiya va estetik tibbiyot,Tibbiyot,D,2019-01-01,,Toshkent,Республика дерматология маркази
,Farmatsevtika jurnali,Tibbiyot,D,2019-01-01,,Toshkent,Тошкент фармацевтика институти
,Nazariy va klinik tibbiyot jurnali,Tibbiyot,D,2019-01-01,,Toshkent,ФА
,Nevrologiya,Tibbiyot,D,2019-01-01,,Toshkent,Неврологлар ассоциацияси
,O‘zbekiston terapiya axborotnomasi,Tibbiyot,D,2019-01-01,,Toshkent,Терапевтлар ассоциацияси
,O‘zbekiston tibbiyot jurnali,Tibbiyot,D,2019-01-01,,Toshkent,Соғлиқни сақлаш вазирлиги
,O‘zbekiston xirurgiyasi,Tibbiyot,D,2019-01-01,,Toshkent,Республика хирургия маркази
,O‘zbekiston кardiologiyasi,Tibbiyot,D,2019-01-01,,Toshkent,Кардиологлар ассоциацияси
,Shoshilinch tibbiyot axborotnomasi,Tibbiyot,D,2019-01-01,,Toshkent,Шошилинч тиббий ёрдам врачлари ассоциацияси
,Стоматология,Tibbiyot,D,2019-01-01,,Toshkent,Стоматологлар ассоциацияси
,Дерматовенерология ва репродуктив саломатлик янгиликлари,Tibbiyot,D,2019-01-01,,Toshkent,Хусусий амалиёт врачлари ассоциацияси
,Педиатрия,Tibbiyot,D,2019-01-01,,Toshkent,Тошкент педиатрия тиббиёт институти
,Ўзбекистон врачлар ассоциацияси бюллетени,Tibbiyot,D,2019-01-01,,Toshkent,Врачлар ассоциацияси
,Биология ва тиббиёт муаммолари,Tibbiyot,D,2019-01-01,,Samarqand,"СамДТИ, ФА"
,Доктор Ахборотномаси,Tibbiyot,D,2019-01-01,,Samarqand,СамДТИ
,Клиническая и экспериментальная онкология,Tibbiyot,D,2019-01-01,,Toshkent,Онкологлар ассоциацияси
,Tibbiyotda yangi kun,Tibbiyot,D,2019-01-01,,Buxoro,БухДТИ
,Journal of Biomedicine and Practice,Tibbiyot,D,2019-01-01,,Toshkent,ТошДСИ
,Вестник Ассоциации пульмонологов Центральной Азии,Tibbiyot,D,2019-01-01,,Toshkent,Ассоциация Пульмонологов ЦА
,Акушерство и гинекология,Tibbiyot,C,2019-01-01,,Rossiya,ИД «Бионика»
,Ангиология и сосудистая хирургия,Tibbiyot,C,2019-01-01,,Rossiya,Общество ангиологов
,Анестезиология и реаниматология,Tibbiyot,C,2019-01-01,,Rossiya,Федерация анестезиологов
,Анналы аритмологии,Tibbiyot,C,2019-01-01,,Rossiya,НЦССХ им. Бакулева
,Анналы хирургии,Tibbiyot,C,2019-01-01,,Rossiya,«Медицина»
,Архив внутренней медицины,Tibbiyot,C,2019-01-01,,Rossiya,РНМОТ
,Архив патологии,Tibbiyot,C,2019-01-01,,Rossiya,«Медиа-сфера»
,Бюллетень НЦССХ им. Бакулева,Tibbiyot,C,2019-01-01,,Rossiya,НЦССХ
,Бюллетень Сибирского отделения РАМН,Tibbiyot,C,2019-01-01,,Rossiya,СО РАМН
,Вестник аритмологии,Tibbiyot,C,2019-01-01,,Rossiya,«ИНКАРТ»
,Вестник восстановительной медицины,Tibbiyot,C,2019-01-01,,Rossiya,Союз реабилитологов России
,Вестник гематологии,Tibbiyot,C,2019-01-01,,Rossiya,Институт гематологии ФМБА
,Вестник дерматологии и венерологии,Tibbiyot,C,2019-01-01,,Rossiya,Госцентр дерматовенерологии
,Вестник интенсивной терапии,Tibbiyot,C,2019-01-01,,Rossiya,«ВИТЕР»
,Вестник клуба панкреатологов,Tibbiyot,C,2019-01-01,,Ukraina,Европейский Клуб панкреатологов
,Вестник Нац. медико-хирургического центра им. Пирогова,Tibbiyot,C,2019-01-01,,Rossiya,НМХЦ им. Пирогова
,Вестник неотложной и восстановительной медицины,Tibbiyot,C,2019-01-01,,Ukraina,НАМНУ
,Вестник оториноларингологии,Tibbiyot,C,2019-01-01,,Rossiya,«Медиа-сфера»
,Вестник офтальмологии,Tibbiyot,C,2019-01-01,,Rossiya,«Медиа-сфера»
,Вестник рентгенологии и радиологии,Tibbiyot,C,2019-01-01,,Rossiya,Ассоциация радиологов
,Вестник Российского государственного медицинского университета,Tibbiyot,C,2019-01-01,,Rossiya,РНИМУ
,Вестник Российской Академии медицинских наук,Tibbiyot; Farmatsevtika,C,2019-01-01,,Rossiya,РАМН
,Вестник службы крови России,Tibbiyot,C,2019-01-01,,Rossiya,Общество трансфузионной медицины
,Вестник современной клинической медицины,Tibbiyot,C,2019-01-01,,Rossiya,Казанский ГМУ
,Вестник травматологии и ортопедии им. Приорова,Tibbiyot,C,2019-01-01,,Rossiya,ЦИТО
,Вестник хирургии им. Грекова,Tibbiyot,C,2019-01-01,,Rossiya,«Эскулап»
,Вестник экспериментальной и клинической хирургии,Tibbiyot,C,2019-01-01,,Rossiya,ВГМА им. Бурденко
,Военно-медицинский журнал,Tibbiyot,C,2019-01-01,,Rossiya,Минобороны РФ
,Вопросы вирусологии,Tibbiyot,C,2019-01-01,,Rossiya,РАН
,"Вопросы курортологии, физиотерапии и ЛФК",Tibbiyot,C,2019-01-01,,Rossiya,«Медиа-сфера»
,Вопросы нейрохирургии им. Бурденко,Tibbiyot,C,2019-01-01,,Rossiya,«Медиа-сфера»
,Вопросы питания,Tibbiyot,C,2019-01-01,,Rossiya,«ГЭОТАР-Медиа»
,Вопросы практической педиатрии,Tibbiyot,C,2019-01-01,,Rossiya,«Династия»
,Вопросы психологии,Tibbiyot,C,2019-01-01,,Rossiya,«Вопросы психологии»
,Вопросы реконструктивной и пластической хирургии,Tibbiyot,C,2019-01-01,,Rossiya,«Сибирская микрохирургия»
,Вопросы современной педиатрии,Tibbiyot,C,2019-01-01,,Rossiya,Союз педиатров России
,Гематология и трансфузиология,Tibbiyot,C,2019-01-01,,Rossiya,«Медицина»
,Гений ортопедии,Tibbiyot,C,2019-01-01,,Rossiya,Центр восстановительной травматологии
,Гигиена и санитария,Tibbiyot,C,2019-01-01,,Rossiya,Роспотребнадзор
,Глазной,Tibbiyot,C,2019-01-01,,Rossiya,«Последнее слово»
,Глаукома,Tibbiyot,C,2019-01-01,,Rossiya,НИИ глазных болезней РАМН
,Грудная и сердечно-сосудистая хирургия,Tibbiyot,C,2019-01-01,,Rossiya,НЦССХ
,Детская хирургия,Tibbiyot,C,2019-01-01,,Rossiya,«Медицина»
,Детские инфекции,Tibbiyot,C,2019-01-01,,Rossiya,Ассоциация педиатров-инфекционистов
,Диагностическая интервенционная радиология,Tibbiyot,C,2019-01-01,,Rossiya,Конгресс лучевых диагностов
,Журнал акушерства и женских болезней,Tibbiyot,C,2019-01-01,,Rossiya,НИИ акушерства и гинекологии
,Журнал им. Склифосовского «Неотложная медицинская помощь»,Tibbiyot,C,2019-01-01,,Rossiya,НИИ скорой помощи Москвы
,"Журнал микробиологии, эпидемиологии и иммунобиологии",Tibbiyot,C,2019-01-01,,Rossiya,Минздрав РФ
,Журнал неврологии и психиатрии им. Корсакова,Tibbiyot,C,2019-01-01,,Rossiya,Минздрав РФ
,"Журнал ушных, носовых и горловых болезней",Tibbiyot,C,2019-01-01,,Ukraina,Общество оториноларингологов Украины
,Здравоохранение Российской Федерации,Tibbiyot,C,2019-01-01,,Rossiya,«Медицина»
,Злокачественные опухоли,Tibbiyot,C,2019-01-01,,Rossiya,Общество онкологов-химиотерапевтов
,Иммунология,Tibbiyot,C,2019-01-01,,Rossiya,"РАН, ФМБА"
,"Иммунопатология, аллергология, инфектология",Tibbiyot,C,2019-01-01,,Rossiya,Академия микологии
,Институт стоматологии,Tibbiyot,C,2019-01-01,,Rossiya,«МЕДИ издательство»
,Инфекции в хирургии,Tibbiyot,C,2019-01-01,,Rossiya,Ассоциация специалистов по хирургическим инфекциям
,Инфекционные болезни,Tibbiyot,C,2019-01-01,,Ukraina,Харьковская медицинская академия
,Кардиоваскулярная терапия и профилактика,Tibbiyot,C,2019-01-01,,Rossiya,Кардиологическое общество
,Кардиологический вестник,Tibbiyot,C,2019-01-01,,Rossiya,Кардиологический НПК
,Кардиология,Tibbiyot,C,2019-01-01,,Rossiya,«Бионика»
,Кардиология в Беларуси,Tibbiyot,C,2019-01-01,,Belarus,«Профессиональные издания»
,Кардиология и сердечно-сосудистая хирургия,Tibbiyot,C,2019-01-01,,Rossiya,«Медиа-сфера»
,Клиническая геронтология,Tibbiyot,C,2019-01-01,,Rossiya,Общество терапевтов Москвы
,Клиническая дерматология и венерология,Tibbiyot,C,2019-01-01,,Rossiya,«Медиа-сфера»
,Клиническая лабораторная диагностика,Tibbiyot,C,2019-01-01,,Rossiya,«Медицина»
,Клиническая нефрология,Tibbiyot,C,2019-01-01,,Rossiya,Общество нефрологов России
,Клиническая онкология,Tibbiyot,C,2019-01-01,,Ukraina,«Морион»
,Клиническая стоматология,Tibbiyot,C,2019-01-01,,Rossiya,«ТБИ Компания»
,"Клинические перспективы гастроэнтерологии, гепатологии",Tibbiyot,C,2019-01-01,,Rossiya,«ГАСТРО»
,Курортная медицина,Tibbiyot,C,2019-01-01,,Rossiya,Пятигорский НИИ курортологии
,Лазерная медицина,Tibbiyot,C,2019-01-01,,Rossiya,Центр лазерной медицины ФМБА
,Лечащий врач,Tibbiyot,C,2019-01-01,,Rossiya,«Открытые системы»
,Лечебная физкультура и спортивная медицина,Tibbiyot,C,2019-01-01,,Rossiya,Фонд «Социальное развитие России»
,Лучевая диагностика и терапия,Tibbiyot,C,2019-01-01,,Rossiya,Общество радиологов СПб
,Медицина,Tibbiyot,C,2019-01-01,,Belarus,Беларусская ассоциация врачей
,Медицина труда и промышленная экология,Tibbiyot,C,2019-01-01,,Rossiya,НИИ медицины труда РАМН
,Медицинская визуализация,Tibbiyot,C,2019-01-01,,Rossiya,Ассоциация радиологов
,Медицинская генетика,Tibbiyot,C,2019-01-01,,Rossiya,Медико-генетический центр РАМН
,Медицинская иммунология,Tibbiyot,C,2019-01-01,,Rossiya,Ассоциация аллергологов СПб
,Медицинская радиология и радиационная безопасность,Tibbiyot,C,2019-01-01,,Rossiya,ФМБЦ им. Бурназяна
,Медицинские новости,Tibbiyot,C,2019-01-01,,Belarus,«ЮпокомИнфоМед»
,Медицинский совет,Tibbiyot,C,2019-01-01,,Rossiya,Минздрав РФ
,Международный журнал интервенционной кардиоангиологии,Tibbiyot,C,2019-01-01,,Rossiya,Общество интервенционных кардиоангиологов
,Метаболизм и соматические заболевания,Tibbiyot,C,2019-01-01,,Rossiya,«Кардиопрогресс»
,Мікробіологічний журнал,Tibbiyot,C,2019-01-01,,Ukraina,Институт микробиологии НАНУ
,"Молекулярная генетика, микробиология и вирусология",Tibbiyot,C,2019-01-01,,Rossiya,Институт молекулярной генетики РАН
,Научно-практическая ревматология,Tibbiyot,C,2019-01-01,,Rossiya,Институт ревматологии РАМН
,Нейрохирургия,Tibbiyot,C,2019-01-01,,Rossiya,Ассоциация нейрохирургов России
,Нейрохирургия и неврология детского возраста,Tibbiyot,C,2019-01-01,,Rossiya,Общество детских нейрохирургов
,Неотложная медицина,Tibbiyot,C,2019-01-01,,Rossiya,Ассоциация врачей неотложной помощи
,Общая реаниматология,Tibbiyot,C,2019-01-01,,Rossiya,НИИ общей реаниматологии РАН
,Онкогематология,Tibbiyot,C,2019-01-01,,Rossiya,«АВВ-пресс»
,Онкологический журнал,Tibbiyot,C,2019-01-01,,Belarus,Центр онкологии и радиологии
,Онкохирургия,Tibbiyot,C,2019-01-01,,Rossiya,«Онкохирургия Инфо»
,Опухоли головы и шеи,Tibbiyot,C,2019-01-01,,Rossiya,Общество специалистов по опухолям головы и шеи
,Оториноларингология. Восточная Европа,Tibbiyot,C,2019-01-01,,Belarus/Ukraina,«Профессиональные издания»
,Офтальмологические ведомости,Tibbiyot,C,2019-01-01,,Rossiya,«Издательство Н-Л»
,Офтальмологический журнал,Tibbiyot,C,2019-01-01,,Ukraina,Общество офтальмологов Украины
,Офтальмохирургия,Tibbiyot,C,2019-01-01,,Rossiya,«Офтальмология»
,Паразитология,Tibbiyot,C,2019-01-01,,Rossiya,"РАН, «Наука»"
,Пародонтология,Tibbiyot,C,2019-01-01,,Rossiya,Пародонтологический центр «ПАКС»
,Патологическая физиология и экспериментальная терапия,Tibbiyot,C,2019-01-01,,Rossiya,«Гениус»
,Патология кровообращения и кардиохирургия,Tibbiyot,C,2019-01-01,,Rossiya,НИИ патологии кровообращения
,Педиатрическая фармакология,Tibbiyot; Farmatsevtika,C,2019-01-01,,Rossiya,Союз педиатров России
,Педиатрия им. Сперанского,Tibbiyot,C,2019-01-01,,Rossiya,Союз педиатров России
,Проблемы медицинской микологии,Tibbiyot,C,2019-01-01,,Rossiya,СПб медицинская академия
,Проблемы репродукции,Tibbiyot,C,2019-01-01,,Rossiya,«Медиа-сфера»
,"Проблемы социальной гигиены, здравоохранения и истории медицины",Tibbiyot,C,2019-01-01,,Rossiya,НИИ общественного здоровья РАН
,Проблемы эндокринологии,Tibbiyot,C,2019-01-01,,Rossiya,Эндокринологический центр МЗ РФ
,Психологический журнал,Tibbiyot,C,2019-01-01,,Rossiya,Институт психологии РАН
,Пульмонология,Tibbiyot,C,2019-01-01,,Rossiya,НИИ пульмонологии ФМБА
,Радиология – практика,Tibbiyot,C,2019-01-01,,Rossiya,Объединение медицинских радиологов
,Рациональная фармакотерапия в кардиологии,Tibbiyot,C,2019-01-01,,Rossiya,Общество кардиологов
,Ринология,Tibbiyot,C,2019-01-01,,Ukraina,Общество врачей-оториноларингологов Украины
,Российская оториноларингология,Tibbiyot,C,2019-01-01,,Rossiya,Научно-клинический центр оториноларингологии
,Российская педиатрическая офтальмология,Tibbiyot,C,2019-01-01,,Rossiya,«Медицина»
,Российская стоматология,Tibbiyot,C,2019-01-01,,Rossiya,МГМСУ
,Российские медицинские вести,Tibbiyot,C,2019-01-01,,Rossiya,ИД «М-Вести»
,Российский аллергологический журнал,Tibbiyot,C,2019-01-01,,Rossiya,Ассоциация аллергологов
,"Российский вестник детской хирургии, анестезиологии и реаниматологии",Tibbiyot,C,2019-01-01,,Rossiya,Ассоциация детских хирургов
,Российский вестник перинатологии и педиатрии,Tibbiyot,C,2019-01-01,,Rossiya,Педиатрическая академия наук
,"Российский журнал гастроэнтерологии, гепатологии и колопроктологии",Tibbiyot,C,2019-01-01,,Rossiya,Гастроэнтерологическая ассоциация
,Российский журнал кожных и венерических болезней,Tibbiyot,C,2019-01-01,,Rossiya,«Медицина»
,Российский кардиологический журнал,Tibbiyot,C,2019-01-01,,Rossiya,Общество кардиологов
,Российский медицинский журнал,Tibbiyot,C,2019-01-01,,Rossiya,«Медицина»
,Российский онкологический журнал,Tibbiyot,C,2019-01-01,,Rossiya,«Медицина»
,Российский офтальмологический журнал,Tibbiyot,C,2019-01-01,,Rossiya,Московский НИИ глазных болезней
,Российский педиатрический журнал,Tibbiyot,C,2019-01-01,,Rossiya,Союз педиатров России
,Российский стоматологический журнал,Tibbiyot,C,2019-01-01,,Rossiya,«Медицина»
,Сердечная недостаточность,Tibbiyot,C,2019-01-01,,Rossiya,Общество по сердечной недостаточности
,Сибирский онкологический журнал,Tibbiyot,C,2019-01-01,,Rossiya,НИИ онкологии СО РАН
,Скорая медицинская помощь,Tibbiyot,C,2019-01-01,,Rossiya,СЗГМУ
,Современная педиатрия,Tibbiyot,C,2019-01-01,,Ukraina,НАМНУ
,Современная ревматология,Tibbiyot,C,2019-01-01,,Rossiya,«ИМА-ПРЕСС»
,Социология медицины,Tibbiyot,C,2019-01-01,,Rossiya,Минобрнауки РФ
,Спортивная медицина,Tibbiyot,C,2019-01-01,,Rossiya,Ассоциация по спортивной медицине
,Стоматология детского возраста и профилактика,Tibbiyot,C,2019-01-01,,Rossiya,«Поли Медиа Пресс»
,Терапевтический архив,Tibbiyot,C,2019-01-01,,Rossiya,«Медиа-сфера»
,Травматология и ортопедия России,Tibbiyot,C,2019-01-01,,Rossiya,РНИИТО
,Украинский нейрохирургический журнал,Tibbiyot,C,2019-01-01,,Ukraina,НАМНУ
,Ультразвуковая и функциональная диагностика,Tibbiyot,C,2019-01-01,,Rossiya,«Видар»
,Урология,Tibbiyot,C,2019-01-01,,Rossiya,Общество урологов
,Фарматека,Tibbiyot,C,2019-01-01,,Rossiya,«Бионика Медиа»
,Физиология и патология иммунной системы,Tibbiyot,C,2019-01-01,,Rossiya,ВИНИТИ РАН
,"Физиотерапия, бальнеология и реабилитация",Tibbiyot,C,2019-01-01,,Rossiya,«Медицина»
,Флебология,Tibbiyot,C,2019-01-01,,Rossiya,Ассоциация флебологов России
,Хирург,Tibbiyot,C,2019-01-01,,Rossiya,"«Панорама», «Медиздат»"
,Хирургия позвоночника,Tibbiyot,C,2019-01-01,,Rossiya,Ассоциация хирургов-вертебрологов
,Хирургия. Журнал им. Пирогова,Tibbiyot,C,2019-01-01,,Rossiya,«Медиа-Сфера»
,Эпидемиология и инфекционные болезни,Tibbiyot,C,2019-01-01,,Rossiya,Общество инфекционистов
,Эпилепсия. Пароксизмальные состояния,Tibbiyot,C,2019-01-01,,Rossiya,Минздрав РФ
,Анналы хирургической гепатологии,Tibbiyot,C,2019-01-01,,Rossiya,«ВИДАР»
,Эндоскопическая хирургия,Tibbiyot,C,2019-01-01,,Rossiya,«Медиа Сфера»
,Вестник хирургической гастроэнтерологии,Tibbiyot,C,2019-01-01,,Rossiya,Общество хирургов гастроэнтерологов
,Бюллетень экспериментальной биологии и медицины,Tibbiyot,C,2019-01-01,,Rossiya,РАМН
,Вопросы онкологии,Tibbiyot,C,2019-01-01,,Rossiya,НИИ онкологии им. Петрова
,Российский остеопатический журнал,Tibbiyot,C,2019-01-01,,Rossiya,«Институт остеопатии»
,Новости хирургии,Tibbiyot,C,2019-01-01,,Belarus,Витебский ГМУ
,Бактериология,Tibbiyot,C,2019-01-01,,Rossiya,Госцентр прикладной микробиологии
,Журнал инфектологии,Tibbiyot,C,2019-01-01,,Rossiya,Ассоциация врачей-инфекционистов СПб
,Эпидемиология и Вакцинопрофилактика,Tibbiyot,C,2019-01-01,,Rossiya,«Анториум»
,Цитокины и воспаление,Tibbiyot,C,2019-01-01,,Rossiya,«Цитокины и воспаление»
,Экспериментальная и клиническая гастроэнтерология,Tibbiyot,C,2019-01-01,,Rossiya,Общество гастроэнтерологов России
,Трансплантология,Tibbiyot,C,2019-01-01,,Rossiya,НИИ скорой помощи им. Склифосовского
,Вестник трансплантологии и искусственных органов,Tibbiyot,C,2019-01-01,,Rossiya,Трансплантологическое общество
,Нефрология и диализ,Tibbiyot,C,2019-01-01,,Rossiya,Диализное общество
,Эндоваскулярная хирургия,Tibbiyot,C,2019-01-01,,Rossiya,Общество рентгенэндоваскулярной диагностики
,Оперативная хирургия и клиническая анатомия,Tibbiyot,C,2019-01-01,,Rossiya,«Медиа Сфера»
,Морфология,Tibbiyot,C,2019-01-01,,Rossiya,«Эскулап»
,Acta Chirurgiae Orthopaedicae et Traumatologiae Cechoslovaca,Tibbiyot,C,2019-01-01,,Germany,TU Dresden
,Breast cancer,Tibbiyot,C,2019-01-01,,Germany,Springer
,British Journal of Cancer,Tibbiyot,C,2019-01-01,,Great Britain,Nature Publishing Group
,British Journal of Medicine and Medical Research,Tibbiyot,C,2019-01-01,,Great Britain,SCIENCEDOMAIN International
,British Medical Journal,Tibbiyot,C,2019-01-01,,Great Britain,BMJ
,Cardiology Research and Practice,Tibbiyot,C,2019-01-01,,Germany,Hindawi
,Case Reports in Rheumatology,Tibbiyot,C,2019-01-01,,Germany,Hindawi
,Clinical and Translational Oncology,Tibbiyot,C,2019-01-01,,Germany,Springer
,Clinical colorectal cancer,Tibbiyot,C,2019-01-01,,Great Britain,Elsevier
,Clinical Sarcoma Research,Tibbiyot,C,2019-01-01,,Great Britain,BioMed Central
,Current Colorectal Cancer Reports,Tibbiyot,C,2019-01-01,,Germany,Springer
,Current Therapeutic Research,Tibbiyot,C,2019-01-01,,Great Britain,Elsevier
,Dermatopathology,Tibbiyot,C,2019-01-01,,Switzerland,European Society of Dermatopathology
,European Journal of Heart Failure,Tibbiyot,C,2019-01-01,,Great Britain,European Society of Cardiology
,European Journal of Internal Medicine,Tibbiyot,C,2019-01-01,,European Union,European Federation of Internal Medicine
,European Journal of Orthopaedic Surgery & Traumatology,Tibbiyot,C,2019-01-01,,France,Société d'Orthopédie
,European Journal of Pediatric Dermatology,Tibbiyot,C,2019-01-01,,Italy,European Society for Pediatric Dermatology
,European Surgery – Acta Chirurgica,Tibbiyot,C,2019-01-01,,Avstriya,Austrian Society of Surgery
,German Medical Journal,Tibbiyot,C,2019-01-01,,Germany,Bennad Ltd.
,International Journal of Genomics,Tibbiyot,C,2019-01-01,,Germany,Hindawi
,MEMO – Magazine of European Medical Oncology,Tibbiyot,C,2019-01-01,,Germany,Springer
,Trauma und Berufskrankheit,Tibbiyot,C,2019-01-01,,Germany,Berufsgenossenschaftliche Unfallkliniken
,Ultraschall in der Medizin,Tibbiyot,C,2019-01-01,,Germany,European Federation of Societies for Ultrasound
,American Journal of Clinical and Experimental Immunology,Tibbiyot,C,2019-01-01,,The USA,Century Publishing Corporation
,Art of Medicine. International Medical Scientific Journal,Tibbiyot,C,2019-01-01,,The USA,North American Academic Publishing Platforms
,Cancer and Clinical Oncology,Tibbiyot,C,2019-01-01,,Kanada,Canadian Center of Science and Education
,International Journal of Surgical Oncology,Tibbiyot,C,2019-01-01,,The USA,Hindawi
,Journal of Ultrasound in Medicine,Tibbiyot,C,2019-01-01,,The USA,American Institute of Ultrasound in Medicine
,Ocular oncology and Pathology,Tibbiyot,C,2019-01-01,,The USA,American Association of Ophthalmic Oncologists
,The Journal of Clinical and Aesthetic Dermatology,Tibbiyot,C,2019-01-01,,The USA,American Cutaneous Oncology Society
,The Sport Journal,Tibbiyot,C,2019-01-01,,The USA,United States Sports Academy
,World Healthcare Providers,Tibbiyot,C,2019-01-01,,The USA,Paradise Island Inc.
,World Journal for Pediatric & Congenital Heart Surgery,Tibbiyot,C,2019-01-01,,The USA,World Society for Pediatric Heart Surgery
,Annals of Cancer Research and Therapy,Tibbiyot,C,2019-01-01,,Japan,Japanese Society of Strategies for Cancer Research
,Asian cardiovascular & thoracic annals,Tibbiyot,C,2019-01-01,,India,Asian Society for Cardiovascular and Thoracic Surgery
,Asian Journal of Neurosurgery,Tibbiyot,C,2019-01-01,,Japan,Medknow Publications
,Chinese Journal of Biology,Tibbiyot,C,2019-01-01,,Xitoy,Hindawi
,Immune Network,Tibbiyot,C,2019-01-01,,South Korea,Korean Association of Immunologists
,Journal of Minimally Invasive Surgery,Tibbiyot,C,2019-01-01,,South Korea,Korean Society of Endoscopic & Laparoscopic Surgeons
,Journal of Gastric Cancer,Tibbiyot,C,2019-01-01,,South Korea,Korean Gastric Cancer Association
,Journal of Gastrointestinal Oncology,Tibbiyot,C,2019-01-01,,Xitoy,Society for Gastrointestinal Oncology
,Journal of the Turkish Academy of Dermatology,Tibbiyot,C,2019-01-01,,Turkey,Turkish Academy of Dermatology
,Korean Journal of Hepato-Billiary-Pancreatic Surgery,Tibbiyot,C,2019-01-01,,South Korea,Korean Association of Hepato-Biliary-Pancreatic Surgery
,World Journal of Gastrointestinal Oncology,Tibbiyot,C,2019-01-01,,Xitoy,Baishideng Publishing Group
,Indian Journal of Surgical Oncology,Tibbiyot,C,2019-01-01,,India,Springer India
,Yevrosiyo pediatriya axborotnomasi,Tibbiyot,C,2019-01-01,,Sankt-Peterburg/Toshkent,"СППМУ, ТошПТИ"
,Журнал медицина и инновации,Tibbiyot; Farmatsevtika,D,2021-01-01,,Toshkent,ТошДСИ
,"Фармация, иммунитет ва вакцина",Tibbiyot,D,2022-01-01,,Toshkent,Тошкент вакцина ва зардоблар ИТИ
,Ўзбекистон Ҳарбий Тиббиёти,Tibbiyot,D,2023-01-01,,Toshkent,ҲМ Ҳарбий тиббиёт академияси
,Евразийский журнал оториноларингологии — Хирургия головы и шеи,Tibbiyot,D,2024-01-01,,Toshkent,БухДТИ
,Передовая Офтальмология,Tibbiyot,D,2024-01-01,,Toshkent,БухДТИ
,Марказий Осиё эндокринологик журнали,Tibbiyot,D,2024-01-01,,Toshkent,Республика эндокринология маркази
,Zamonaviy tibbiyot jurnali,Tibbiyot,D,2024-01-01,,Toshkent,Андижон ДТИ
,Medical science of Uzbekistan,Tibbiyot,D,2024-01-01,,Toshkent,Андижон ДТИ
,Журнал неврологии и нейрохирургических исследований,Tibbiyot,D,2024-01-01,,Toshkent,БухДТИ
,Acta CAMU,Tibbiyot,D,2024-01-01,,Toshkent,"Central Asian Medical University, Андижон ДТИ"
,Central Asian Research Journal For Interdisciplinary Studies (CARJIS),Tibbiyot,D,2024-01-01,,Toshkent,"ALFRAGANUS universiteti, БухДТИ"
,Ilmiy va innovatsion terapiya,Tibbiyot,D,2025-01-01,,Toshkent,БухДТИ
,Klinik fanlar yilnomasi,Tibbiyot,D,2025-01-01,,Toshkent,БухДТИ
,Профилактическая медицина и здоровье,Tibbiyot,D,2025-01-01,,Toshkent,"Андижон ДТИ, In Science"
,Дерматовенерология. Косметология,Tibbiyot,D,2025-01-01,,Toshkent,УП Профессиональные издания
,Фундаментал ва клиник тиббиёт ахборотномаси,Tibbiyot,D,2025-01-01,,Toshkent,БухДТИ
,Journal of reproductive health and uro-nephrology research,Tibbiyot,D,2025-01-01,,Toshkent,СамДТУ
,Жанубий оролбўйи тиббиёт журнали,Tibbiyot,D,2025-01-01,,Toshkent,ТТА Урганч филиали
,Tibbiyot asoslari,Tibbiyot,D,2025-01-01,,Toshkent,ТДТУ Термиз филиали
,Qon aylanish kasalliklari,Tibbiyot,D,2025-01-01,,Toshkent,ТошДТУ
,Инновационная хирургия на шёлковом пути,Tibbiyot,D,2025-01-01,,Toshkent,СамДТУ
,Journal of cardiorespiratory research,Tibbiyot,D,2025-01-01,,Toshkent,СамДТУ
,"Tibbiyot, ta’lim va innovatsion tadqiqotlar",Tibbiyot,D,2025-01-01,,Toshkent,Тиббиёт малака ривожлантириш маркази
,Журнал стоматологии и краниофасциальных исследований,Tibbiyot,D,2021-01-01,,Samarqand,СамДТИ
,СЭС хизмати илмий-амалий журнали,Tibbiyot,D,2022-01-01,,Toshkent,СЭС хизмати
,Гуманитар ва табиий фанлар журнали,Tibbiyot,D,2023-01-01,,Toshkent,EMU University
,Ёш олимлар тиббиёт журнали,Tibbiyot,D,2023-01-01,,Toshkent,Тошкент тиббиёт академияси
,Интегративная стоматология и челюстно-лицевая хирургия,Tibbiyot,D,2023-01-01,,Toshkent,ТошДСИ
,Халқаро илмий педиатрия журнали,Tibbiyot,D,2023-01-01,,Andijon,"Андижон ДТИ, In Science"
,Болалар миллий тиббиёт марказининг ахборотномаси,Tibbiyot,D,2023-01-01,,Toshkent,Болалар миллий тиббиёт маркази
,Биофармацевтический журнал,Farmatsevtika,C,2019-01-01,,Rossiya,ИД «ФОЛИУМ»
,Лекарственные средства: прикладная фармакология,Farmatsevtika,C,2019-01-01,,Rossiya,«Управление исследовательских проектов»
,Обзоры по клинической фармакологии и лекарственной терапии,Farmatsevtika,C,2019-01-01,,Rossiya,«Издательство Н-Л»
,Фармацевтическое обозрение,Farmatsevtika,C,2019-01-01,,Rossiya,«ЮНИКО ПРЕСС»
,Экспериментальная и клиническая дерматокосметология,Farmatsevtika,C,2019-01-01,,Rossiya,Московская медицинская академия
,Journal of Basic and Clinical Physiology and Pharmacology,Farmatsevtika,C,2019-01-01,,Germany,Physiological and Pharmacological Society
,International Journal of Biomedicine,Farmatsevtika,C,2019-01-01,,The USA,International Medical Research and Development Corporation
,Journal of Population Therapeutics and Clinical Pharmacology,Farmatsevtika,C,2019-01-01,,Kanada,Canadian Society of Pharmacology
,Asian Journal of Pharmaceutical Sciences,Farmatsevtika,C,2019-01-01,,Xitoy,Shenyang Pharmaceutical University
,Chinese Pharmaceutical Journal,Farmatsevtika,C,2019-01-01,,Xitoy,Chinese Pharmaceutical Association
,Indian Journal of Pharmaceutical Sciences,Farmatsevtika,C,2019-01-01,,India,Indian Pharmaceutical Association
,Turkish Journal of Pharmaceutical Sciences,Farmatsevtika,C,2019-01-01,,Turkey,Turkish Pharmacists' Association
,Вестник ветеринарии,Veterinariya,C,2019-01-01,,Rossiya,«Энтропос»
,Вестник РУДН: Агрономия и животноводство,Veterinariya,C,2019-01-01,,Rossiya,РУДН
,Ветеринария,Veterinariya,C,2019-01-01,,Rossiya,РАСХН
,Ветеринарная медицина,Veterinariya,C,2019-01-01,,Rossiya,«Агровет»
,Кормление сельскохозяйственных животных и кормопроизводство,Veterinariya,C,2019-01-01,,Rossiya,ИД «Панорама»
,Международный вестник ветеринарии,Veterinariya,C,2019-01-01,,Rossiya,СПб Академия ветеринарной медицины
,"Микробиология, эпидемиология и иммунология",Veterinariya,C,2019-01-01,,Rossiya,Минздрав РФ
,Птица и птицепродукты,Veterinariya,C,2019-01-01,,Rossiya,ВНИИ птицеперерабатывающей промышленности
,Птицеводство,Veterinariya,C,2019-01-01,,Rossiya,«Авиан»
,Research Focus,Veterinariya,D,2025-01-01,,Toshkent,"Ветеринария ИТИ, Илм-фан ва инновациялар академияси"
,Moziydan sado,San’atshunoslik; Arxitektura,D,2019-01-01,,Toshkent,"Маданият вазирлиги, Бадиий академия"
,San’at,San’atshunoslik; Arxitektura,D,2019-01-01,,Toshkent,Бадиий академия
,Театр,San’atshunoslik,D,2019-01-01,,Toshkent,"Маданият вазирлиги, «Ўзбектеатр»"
,Ўзбекистон давлат санъат ва маданият институти хабарлари,San’atshunoslik,D,2019-01-01,,Toshkent,ЎзДСМИ
,Musiqa,San’atshunoslik,D,2019-01-01,,Toshkent,Ўзбекистон давлат консерваторияси
,Opera musicologica,San’atshunoslik,C,2019-01-01,,Rossiya,СПб консерватория
,Архитектура. Строительство. Дизайн,San’atshunoslik; Arxitektura,C,2019-01-01,,Rossiya,Международная ассоциация Союзов архитекторов
,Вестник ВГИК,San’atshunoslik,C,2019-01-01,,Rossiya,ВГИК
,Вестник МГУКИ,San’atshunoslik,C,2019-01-01,,Rossiya,МГУКИ
,Вопросы театра,San’atshunoslik,C,2019-01-01,,Rossiya,Гос. институт искусствознания
,Декоративное искусство. Вестник МГХПА,San’atshunoslik,C,2019-01-01,,Rossiya,МГХПА
,Диалог искусств,San’atshunoslik,C,2019-01-01,,Rossiya,Московский музей современного искусства
,Искусство,San’atshunoslik,C,2019-01-01,,Rossiya,Art Magazine
,Искусство кино,San’atshunoslik,C,2019-01-01,,Rossiya,«Искусство кино»
,Мир музея,San’atshunoslik,C,2019-01-01,,Rossiya,СПбГУ
,Музыкальная психология и психотерапия,San’atshunoslik,C,2019-01-01,,Rossiya,Минобрнауки РФ
,Музыкальная Академия,San’atshunoslik,C,2019-01-01,,Rossiya,«Композитор»
,Научный вестник Московской консерватории,San’atshunoslik,C,2019-01-01,,Rossiya,Московская консерватория
,Проблемы музыкальной науки,San’atshunoslik,C,2019-01-01,,Rossiya,Гос. академия искусств
,Театр. Живопись. Кино. Музыка,San’atshunoslik,C,2019-01-01,,Rossiya,ГИТИС
,Центральноазиатский искусствоведческий журнал,San’atshunoslik,C,2019-01-01,,Qozogʻiston,Казахская Национальная Академия искусств
,Вестник музыкальной науки,San’atshunoslik,C,2019-01-01,,Rossiya,Новосибирская консерватория им. Глинки
,Art History: Journal of the Association of Art Historians,San’atshunoslik,C,2019-01-01,,Great Britain,Association of Art Historians
,Revue d'Histoire du theatre,San’atshunoslik,C,2019-01-01,,France,Soc HISTOIRE THEATRE
,Journal of Musicology,San’atshunoslik,C,2019-01-01,,The USA,University of California Press
,Камолиддин Беҳзод номидаги МРДИ Ахборотномаси,San’atshunoslik,D,2020-01-01,,Toshkent,Миллий рассомлик ва дизайн институти
,Oriental Art and Culture,San’atshunoslik,D,2021-01-01,,Farg‘ona,ЎзДСМИ Фарғона филиали
,Art and social sciences,San’atshunoslik,D,2022-01-01,,Toshkent,Миллий рассомлик ва дизайн институти
,Мусиқа ва санъат Ахборотномаси,San’atshunoslik,D,2024-01-01,,Nukus,Давлат консерваторияси Нукус филиали
,Санъат ва маданият Ахборотномаси,San’atshunoslik,D,2025-01-01,,Toshkent,ЎзДСМИ Нукус филиали
,Нафосат олами,San’atshunoslik,D,2025-01-01,,Toshkent,Давлат хореография академияси
,Маданиятшунослик ва номоддий маданий мерос ИТИ Ахборотномаси,San’atshunoslik,D,2025-01-01,,Toshkent,Маданиятшунослик ва номоддий маданий мерос ИТИ
,Ўзбекистон маданияти ва санъати,San’atshunoslik,D,2025-01-01,,Toshkent,ЎзДСМИ
,Миллий маданият,San’atshunoslik,D,2026-01-01,,Toshkent,Ўзбек миллий мусиқа санъати институти
,Arxitektura. Qurilish. Dizayn,Arxitektura,D,2019-01-01,,Toshkent,ТАҚИ
,Архитектурное наследство,Arxitektura,C,2019-01-01,,Rossiya,НИИ теории и истории архитектуры
,Architectura,Arxitektura,C,2019-01-01,,Germany,Deutscher Kunstverlag
,Architectural Research quarterly,Arxitektura,C,2019-01-01,,Great Britain,Cambridge University Press
,EGA. Revista de expresion grafica arquitectonica,Arxitektura,C,2019-01-01,,Spain,Universitat Politecnica de Valencia
,Journal of the Society of Architectural Historians,Arxitektura,C,2019-01-01,,The USA,Society of Architectural Historians
,Journal of the International Society for the Study of Vernacular Settlements,Arxitektura,C,2019-01-01,,India,CEPT University
,Иқтисодиёт ва туризм,Arxitektura,D,2022-01-01,,Buxoro,БухДУ
,Акмеология,Psixologiya,C,2019-01-01,,Rossiya,Международная академия акмеологических наук
,Вестник интегративной психологии,Psixologiya,C,2019-01-01,,Rossiya,Международная академия психологических наук
,Вестник МГУ: Психология,Psixologiya,C,2019-01-01,,Rossiya,МГУ
,European Journal of Research and Reflection in Educational Science,Psixologiya,C,2019-01-01,,Great Britain,Progressive Academic Publishing
,Человеческий фактор: Социальный психолог,Psixologiya,D,2025-01-01,,Buxoro,Бухоро психология ва хорижий тиллар институти
,PULSE,Psixologiya,D,2025-01-01,,Toshkent,PROFI университети
,Harbiy xavfsizlik va mudofaa universiteti xabarlari,Harbiy,D,2025-01-01,,Toshkent,ХХвМУ
,Само қалқонлари,Harbiy,D,2021-01-01,,Toshkent,Олий ҳарбий авиация билим юрти
,Ҳарбий илм-фан тадқиқотлари,Harbiy,D,2025-01-01,,Toshkent,Мудофаа ва ҳарбий хавфсизлик ИТИ
,Ижтимоий тадқиqotlar журнали,Sotsiologiya,D,2019-01-01,,Toshkent,ЎзМУ
,Вестник БГУ,Sotsiologiya; Siyosiy,C,2019-01-01,,Belarus,БГУ
,Вестник МГУ: Социология и политология,Sotsiologiya; Siyosiy,C,2019-01-01,,Rossiya,МГУ
,Социальная политика и социальное партнерство,Sotsiologiya,C,2019-01-01,,Rossiya,Российская трехсторонняя комиссия
,Социологический журнал,Sotsiologiya,C,2019-01-01,,Rossiya,Институт социологии РАН
,Социология и право,Sotsiologiya,C,2019-01-01,,Rossiya,СПб университет управления
,"Экономика, социология и право",Sotsiologiya,C,2019-01-01,,Rossiya,Научно-информационный издательский центр
,Ethnicity and Race in a Changing World,Sotsiologiya,C,2019-01-01,,Great Britain,Manchester University Press
,European Journal of Spatial Development,Sotsiologiya,C,2019-01-01,,Sweden,Nordregio
,Finnish Yearbook of Population Research,Sotsiologiya,C,2019-01-01,,Finland,Väestöliitto
,Forced Migration Review,Sotsiologiya,C,2019-01-01,,Great Britain,Forced Migration Review
,IDEA: A Journal of Social Issues,Sotsiologiya,C,2019-01-01,,Great Britain,Publishers of IDEA
,Interdisciplinary Journal of Contemporary Research in Business,Sotsiologiya,C,2019-01-01,,Great Britain,Institute of Interdisciplinary Business Research
,International Indigenous Policy Journal,Sotsiologiya,C,2019-01-01,,Kanada,University of Western Ontario
,"International Journal of Child, Youth & Family Studies",Sotsiologiya,C,2019-01-01,,Kanada,University of Victoria
,The International Journal of Baudrillard Studies,Sotsiologiya,C,2019-01-01,,Kanada,Bishop's University
,Sotsiologiya va huquq,Sotsiologiya,D,2023-01-01,,Toshkent,ЎзМУ
,ИИВ Академияси ахборотномаси,Siyosiy,D,2019-01-01,,Toshkent,ИИВ Академияси
,Вестник Казахского национального университета,Siyosiy,C,2019-01-01,,Qozogʻiston,КазНУ аль-Фараби
,Вестник Пермского университета: Политология,Siyosiy,C,2019-01-01,,Rossiya,ПГНИУ
,Вестник Поволжского института управления,Siyosiy,C,2019-01-01,,Rossiya,РАНХиГС
,Вестник РГГУ,Siyosiy,C,2019-01-01,,Rossiya,РГГУ
,Вестник РУДН,Siyosiy,C,2019-01-01,,Rossiya,РУДН
,Вестник СПбГУ,Siyosiy,C,2019-01-01,,Rossiya,СПбГУ
,Власть,Siyosiy,C,2019-01-01,,Rossiya,Институт социологии РАН
,Вопросы политологии,Siyosiy,C,2019-01-01,,Rossiya,Институт современной политики РУДН
,Восток. Афроазиатские общества,Siyosiy,C,2019-01-01,,Rossiya,Институт востоковедения РАН
,Журнал исследований социальной политики,Siyosiy,C,2019-01-01,,Rossiya,НИУ ВШЭ
,Международное право и международные организации,Siyosiy,C,2019-01-01,,Rossiya,«НБ-Медиа»
,Международные отношения,Siyosiy,C,2019-01-01,,Rossiya,Nota bene
,Полис. Политические исследования,Siyosiy,C,2019-01-01,,Rossiya,Российская ассоциация политической науки
,Политика и общество,Siyosiy,C,2019-01-01,,Rossiya,Nota bene
,Полития,Siyosiy,C,2019-01-01,,Rossiya,ИНИОН РАН
,Политическая наука,Siyosiy,C,2019-01-01,,Rossiya,ИНИОН РАН
,Политэкс,Siyosiy,C,2019-01-01,,Rossiya,СПбГУ
,Право и политика,Siyosiy,C,2019-01-01,,Rossiya,Nota bene
,Проблемы национальной стратегии,Siyosiy,C,2019-01-01,,Rossiya,РИСИ
,Сравнительная политика,Siyosiy,C,2019-01-01,,Rossiya,МГИМО
,East European Scientific Journal,Siyosiy,C,2019-01-01,,Poland,East European Research Alliance
,Journal of Public Affairs,Siyosiy,C,2019-01-01,,Great Britain,Henry Stewart Publications
,Paradigmata poznání,Siyosiy,C,2019-01-01,,Chexiya,«Sociosféra-CZ»
,Ислом маърифати,Siyosiy; Islomshunoslik; Tarix,D,2024-01-01,,Toshkent,Тошкент ислом институти
,Ислом тафаккури,Islomshunoslik,D,2019-01-01,,Toshkent,Халқаро ислом академияси
,Ҳидоят,Islomshunoslik,D,2019-01-01,,Toshkent,Мусулмонлар идораси
,Arabic Sciences and Philosophy,Islomshunoslik,C,2019-01-01,,Great Britain,Cambridge University Press
,Arabica: Journal of Arabic and Islamic Studies,Islomshunoslik,C,2019-01-01,,Great Britain,Cambridge University Press
,British Journal of Middle Eastern Studies,Islomshunoslik,C,2019-01-01,,Great Britain,"BRISMES, Taylor & Francis"
,Al-Bayan: Journal of Qur'an and Hadith Studies,Islomshunoslik,C,2019-01-01,,Great Britain,Brill
,"Islamic Philosophy, Theology and Science",Islomshunoslik,C,2019-01-01,,Great Britain,Brill
,Journal of Arabic and Islamic Studies,Islomshunoslik,C,2019-01-01,,Great Britain,Edinburgh University Press
,Journal of Islamic Studies,Islomshunoslik,C,2019-01-01,,Great Britain,Oxford Centre for Islamic Studies
,Journal of Qur'anic Studies,Islomshunoslik,C,2019-01-01,,Great Britain,Edinburgh University Press
,Journal of Muslim Minority Affairs,Islomshunoslik,C,2019-01-01,,Great Britain,Institute of Muslim Minority Affairs
,The Middle East Journal,Islomshunoslik,C,2019-01-01,,Great Britain,Middle East Institute
,Bulletin of the School of Oriental and African Studies,Islomshunoslik,C,2019-01-01,,Great Britain,SOAS
,European Journal of Philosophy,Islomshunoslik,C,2019-01-01,,Great Britain,"Oxford, Wiley & Sons"
,Philosophy and Phenomenological Research,Islomshunoslik,C,2019-01-01,,Great Britain,John Wiley & Sons
,Arab Studies Quarterly,Islomshunoslik,C,2019-01-01,,The USA,Association of Arab-American University Graduates
,«Attaqaddumul ilmiy»,Islomshunoslik,C,2019-01-01,,Кувайт,Kuwait Foundation for Advancement of the Science
,Matnshināsīi adabi Fārsī,Islomshunoslik,C,2019-01-01,,"Isfahon, Иран",Isfahon universiteti
,İslam Hukuku Araştırmaları Dergisi,Islomshunoslik,C,2019-01-01,,Istanbul,Mehir Vakfı
,Islāmīyat almaʻrifah,Islomshunoslik,C,2019-01-01,,Beyrut,Beyrut universiteti
,İslâmi Araştırmaları,Islomshunoslik,C,2019-01-01,,Ankara,Türkiye Ekonomik ve Kültürel Dayanışma Vakfı
,İslâm Araştırmaları Dergisi,Islomshunoslik,C,2019-01-01,,Istanbul,Türkiye Diyanet Vakfi
,Mажаллат шариъа ва дирасат ал-исламиййа,Islomshunoslik,C,2019-01-01,,Кувайт,Kuwait universiteti
,Мажаллат ал-жамиъат ал-ироқиййа,Islomshunoslik,C,2019-01-01,,Bag‘dod,Iroq davlat universiteti
,Malaysian Journal of Science,Islomshunoslik,C,2019-01-01,,Malayziya,University of Malaysia
,Journal of Islam in Asia,Islomshunoslik,C,2019-01-01,,Malayziya,International Islamic University Malaysia
,Journal for Islamic Studies,Islomshunoslik,C,2019-01-01,,Janubiy Afrika,University of Cape Town
,Ислом энциклопедияси,Islomshunoslik,D,2022-01-01,,Toshkent,Халқаро ислом академияси
,Ўзбекистон Ислом цивилизацияси маркази журнали,Islomshunoslik,D,2023-01-01,,Toshkent,Ўзбекистон Ислом цивилизацияси маркази
